Date,Pair,Open,High,Low,Close
1/2/2012 0:00,GBPUSD,1.54937,1.55405,1.54669,1.55089
1/3/2012 0:00,GBPUSD,1.55091,1.56687,1.5504,1.56438
1/4/2012 0:00,GBPUSD,1.56437,1.56672,1.55801,1.56091
1/5/2012 0:00,GBPUSD,1.56091,1.56283,1.5467,1.54943
1/6/2012 0:00,GBPUSD,1.54942,1.5524,1.53751,1.54243
1/9/2012 0:00,GBPUSD,1.54151,1.54688,1.53953,1.54588
1/10/2012 0:00,GBPUSD,1.54589,1.54995,1.54459,1.54822
1/11/2012 0:00,GBPUSD,1.54826,1.54862,1.53088,1.53264
1/12/2012 0:00,GBPUSD,1.53261,1.53667,1.52789,1.53359
1/13/2012 0:00,GBPUSD,1.53361,1.54078,1.52358,1.53156
1/16/2012 0:00,GBPUSD,1.52944,1.53515,1.52818,1.53106
1/17/2012 0:00,GBPUSD,1.53106,1.54034,1.53099,1.53346
1/18/2012 0:00,GBPUSD,1.53345,1.54409,1.53272,1.54271
1/19/2012 0:00,GBPUSD,1.54271,1.54916,1.5415,1.54868
1/20/2012 0:00,GBPUSD,1.54867,1.55765,1.54498,1.55737
1/23/2012 0:00,GBPUSD,1.55401,1.56012,1.55161,1.55615
1/24/2012 0:00,GBPUSD,1.55615,1.56253,1.55321,1.56197
1/25/2012 0:00,GBPUSD,1.56195,1.56772,1.55328,1.56535
1/26/2012 0:00,GBPUSD,1.56536,1.57333,1.56495,1.56866
1/27/2012 0:00,GBPUSD,1.56868,1.57392,1.56403,1.57269
1/30/2012 0:00,GBPUSD,1.57253,1.57298,1.56534,1.5708
1/31/2012 0:00,GBPUSD,1.57078,1.57952,1.56975,1.57645
2/1/2012 0:00,GBPUSD,1.57644,1.58821,1.57054,1.58451
2/2/2012 0:00,GBPUSD,1.5845,1.5857,1.57948,1.58055
2/3/2012 0:00,GBPUSD,1.58057,1.58591,1.57492,1.58107
2/6/2012 0:00,GBPUSD,1.58193,1.58392,1.57294,1.58178
2/7/2012 0:00,GBPUSD,1.58179,1.59042,1.57877,1.58996
2/8/2012 0:00,GBPUSD,1.58997,1.59277,1.57961,1.58136
2/9/2012 0:00,GBPUSD,1.58134,1.58839,1.57916,1.58152
2/10/2012 0:00,GBPUSD,1.58156,1.58486,1.57295,1.57525
2/13/2012 0:00,GBPUSD,1.57904,1.58265,1.57467,1.57496
2/14/2012 0:00,GBPUSD,1.57497,1.57689,1.56445,1.56899
2/15/2012 0:00,GBPUSD,1.569,1.57349,1.56701,1.56883
2/16/2012 0:00,GBPUSD,1.56883,1.58155,1.56543,1.58035
2/17/2012 0:00,GBPUSD,1.58036,1.58612,1.57891,1.5833
2/20/2012 0:00,GBPUSD,1.58615,1.58791,1.58379,1.58379
2/21/2012 0:00,GBPUSD,1.58381,1.58638,1.57723,1.57784
2/22/2012 0:00,GBPUSD,1.57783,1.58127,1.5648,1.5667
2/23/2012 0:00,GBPUSD,1.56671,1.57489,1.56487,1.57446
2/24/2012 0:00,GBPUSD,1.57446,1.58983,1.57208,1.58711
2/27/2012 0:00,GBPUSD,1.58919,1.58941,1.58102,1.5819
2/28/2012 0:00,GBPUSD,1.58189,1.59058,1.57992,1.59003
2/29/2012 0:00,GBPUSD,1.59003,1.59908,1.58979,1.59198
3/1/2012 0:00,GBPUSD,1.59199,1.5974,1.58958,1.59536
3/2/2012 0:00,GBPUSD,1.59534,1.59652,1.5823,1.58322
3/5/2012 0:00,GBPUSD,1.58317,1.5876,1.57857,1.58607
3/6/2012 0:00,GBPUSD,1.58607,1.58809,1.56956,1.57133
3/7/2012 0:00,GBPUSD,1.57135,1.57578,1.56964,1.57404
3/8/2012 0:00,GBPUSD,1.57403,1.58327,1.57237,1.58271
3/9/2012 0:00,GBPUSD,1.58272,1.58279,1.56618,1.5672
3/12/2012 0:00,GBPUSD,1.56662,1.56945,1.56024,1.56401
3/13/2012 0:00,GBPUSD,1.564,1.57465,1.56199,1.57065
3/14/2012 0:00,GBPUSD,1.57066,1.57424,1.56491,1.5668
3/15/2012 0:00,GBPUSD,1.56681,1.57351,1.56332,1.57029
3/16/2012 0:00,GBPUSD,1.57028,1.58601,1.56939,1.58398
3/19/2012 0:00,GBPUSD,1.5844,1.59129,1.58211,1.58906
3/20/2012 0:00,GBPUSD,1.58906,1.58959,1.583,1.58602
3/21/2012 0:00,GBPUSD,1.58603,1.59222,1.5817,1.58656
3/22/2012 0:00,GBPUSD,1.58655,1.58916,1.5769,1.58151
3/23/2012 0:00,GBPUSD,1.58152,1.59072,1.58051,1.58663
3/26/2012 0:00,GBPUSD,1.58712,1.59726,1.58008,1.59675
3/27/2012 0:00,GBPUSD,1.59677,1.60001,1.59419,1.59463
3/28/2012 0:00,GBPUSD,1.59463,1.59634,1.58416,1.58871
3/29/2012 0:00,GBPUSD,1.5887,1.5957,1.58596,1.59507
3/30/2012 0:00,GBPUSD,1.5951,1.60357,1.59462,1.60061
4/2/2012 0:00,GBPUSD,1.60062,1.60617,1.59785,1.60198
4/3/2012 0:00,GBPUSD,1.60209,1.6045,1.58907,1.59102
4/4/2012 0:00,GBPUSD,1.59103,1.59128,1.58324,1.58896
4/5/2012 0:00,GBPUSD,1.58896,1.59077,1.58042,1.58258
4/6/2012 0:00,GBPUSD,1.58257,1.58894,1.58224,1.58645
4/9/2012 0:00,GBPUSD,1.58895,1.59132,1.58352,1.58965
4/10/2012 0:00,GBPUSD,1.58965,1.59296,1.58088,1.58603
4/11/2012 0:00,GBPUSD,1.58602,1.5937,1.58513,1.59085
4/12/2012 0:00,GBPUSD,1.59085,1.59835,1.59063,1.59578
4/13/2012 0:00,GBPUSD,1.59577,1.59685,1.58406,1.58444
4/16/2012 0:00,GBPUSD,1.58501,1.59094,1.5818,1.5896
4/17/2012 0:00,GBPUSD,1.5896,1.59691,1.58617,1.59262
4/18/2012 0:00,GBPUSD,1.5926,1.60414,1.58944,1.6017
4/19/2012 0:00,GBPUSD,1.60169,1.60761,1.60085,1.60525
4/20/2012 0:00,GBPUSD,1.60525,1.61483,1.60378,1.61215
4/23/2012 0:00,GBPUSD,1.6126,1.61332,1.60759,1.61241
4/24/2012 0:00,GBPUSD,1.61243,1.61621,1.61089,1.61412
4/25/2012 0:00,GBPUSD,1.61414,1.61813,1.60811,1.61674
4/26/2012 0:00,GBPUSD,1.61675,1.62061,1.61576,1.61776
4/27/2012 0:00,GBPUSD,1.61777,1.62793,1.61527,1.62594
4/30/2012 0:00,GBPUSD,1.62735,1.63006,1.62206,1.62357
5/1/2012 0:00,GBPUSD,1.62357,1.62464,1.61859,1.62198
5/2/2012 0:00,GBPUSD,1.62197,1.62378,1.616,1.6197
5/3/2012 0:00,GBPUSD,1.6197,1.62145,1.61606,1.6179
5/4/2012 0:00,GBPUSD,1.6179,1.62005,1.61408,1.6147
5/7/2012 0:00,GBPUSD,1.61501,1.61963,1.6113,1.61936
5/8/2012 0:00,GBPUSD,1.61936,1.61975,1.61238,1.61526
5/9/2012 0:00,GBPUSD,1.61529,1.6158,1.60681,1.6131
5/10/2012 0:00,GBPUSD,1.61308,1.61813,1.60911,1.61307
5/11/2012 0:00,GBPUSD,1.61306,1.61419,1.60611,1.60656
5/14/2012 0:00,GBPUSD,1.60656,1.61219,1.60508,1.6097
5/15/2012 0:00,GBPUSD,1.60969,1.6113,1.59882,1.59974
5/16/2012 0:00,GBPUSD,1.59973,1.59977,1.58889,1.59111
5/17/2012 0:00,GBPUSD,1.59109,1.59318,1.57805,1.5781
5/18/2012 0:00,GBPUSD,1.57811,1.58365,1.57322,1.58146
5/21/2012 0:00,GBPUSD,1.58104,1.58401,1.57787,1.58217
5/22/2012 0:00,GBPUSD,1.58217,1.58474,1.57402,1.57634
5/23/2012 0:00,GBPUSD,1.57635,1.57706,1.56749,1.56908
5/24/2012 0:00,GBPUSD,1.56909,1.57254,1.56382,1.56676
5/25/2012 0:00,GBPUSD,1.56677,1.56986,1.56298,1.56641
5/28/2012 0:00,GBPUSD,1.5679,1.57161,1.5671,1.56765
5/29/2012 0:00,GBPUSD,1.56765,1.57153,1.56074,1.56329
5/30/2012 0:00,GBPUSD,1.5633,1.56368,1.54736,1.54816
5/31/2012 0:00,GBPUSD,1.54817,1.55256,1.53597,1.54027
6/1/2012 0:00,GBPUSD,1.54026,1.54356,1.52677,1.53591
6/4/2012 0:00,GBPUSD,1.53722,1.54142,1.53411,1.53822
6/5/2012 0:00,GBPUSD,1.53824,1.54069,1.53213,1.53752
6/6/2012 0:00,GBPUSD,1.53751,1.55144,1.53726,1.54887
6/7/2012 0:00,GBPUSD,1.54886,1.55999,1.54297,1.55324
6/8/2012 0:00,GBPUSD,1.55323,1.5536,1.54032,1.54682
6/11/2012 0:00,GBPUSD,1.55203,1.55807,1.54707,1.54709
6/12/2012 0:00,GBPUSD,1.5471,1.55891,1.54537,1.55678
6/13/2012 0:00,GBPUSD,1.55675,1.55972,1.55032,1.55093
6/14/2012 0:00,GBPUSD,1.55094,1.55634,1.54719,1.55516
6/15/2012 0:00,GBPUSD,1.55515,1.57263,1.54759,1.57111
6/18/2012 0:00,GBPUSD,1.5737,1.57374,1.56361,1.56643
6/19/2012 0:00,GBPUSD,1.56642,1.57562,1.56145,1.57237
6/20/2012 0:00,GBPUSD,1.57237,1.57764,1.56508,1.57071
6/21/2012 0:00,GBPUSD,1.57068,1.57322,1.55772,1.55961
6/22/2012 0:00,GBPUSD,1.55958,1.56335,1.55563,1.55825
6/25/2012 0:00,GBPUSD,1.55831,1.55941,1.55382,1.55706
6/26/2012 0:00,GBPUSD,1.55706,1.56496,1.55626,1.5634
6/27/2012 0:00,GBPUSD,1.56342,1.56396,1.55451,1.55654
6/28/2012 0:00,GBPUSD,1.55655,1.56226,1.54843,1.55147
6/29/2012 0:00,GBPUSD,1.5515,1.57143,1.55087,1.5704
7/2/2012 0:00,GBPUSD,1.56956,1.57207,1.56409,1.56919
7/3/2012 0:00,GBPUSD,1.56914,1.57124,1.56576,1.5686
7/4/2012 0:00,GBPUSD,1.56861,1.56892,1.55737,1.55937
7/5/2012 0:00,GBPUSD,1.55939,1.56218,1.54991,1.5521
7/6/2012 0:00,GBPUSD,1.55211,1.555,1.54605,1.54887
7/9/2012 0:00,GBPUSD,1.54758,1.55334,1.54697,1.5524
7/10/2012 0:00,GBPUSD,1.5524,1.55476,1.54776,1.55161
7/11/2012 0:00,GBPUSD,1.55162,1.55771,1.54856,1.55042
7/12/2012 0:00,GBPUSD,1.55049,1.55155,1.53927,1.54304
7/13/2012 0:00,GBPUSD,1.54304,1.55797,1.54136,1.55741
7/16/2012 0:00,GBPUSD,1.55812,1.56531,1.55164,1.56318
7/17/2012 0:00,GBPUSD,1.56319,1.56771,1.55529,1.5644
7/18/2012 0:00,GBPUSD,1.56439,1.56665,1.55807,1.56527
7/19/2012 0:00,GBPUSD,1.56528,1.57351,1.56357,1.57172
7/20/2012 0:00,GBPUSD,1.57173,1.57216,1.56108,1.56195
7/23/2012 0:00,GBPUSD,1.56049,1.56149,1.54843,1.55015
7/24/2012 0:00,GBPUSD,1.55012,1.55507,1.5486,1.55038
7/25/2012 0:00,GBPUSD,1.55037,1.55509,1.54581,1.54933
7/26/2012 0:00,GBPUSD,1.54935,1.57226,1.54697,1.56841
7/27/2012 0:00,GBPUSD,1.56843,1.57668,1.56657,1.57439
7/30/2012 0:00,GBPUSD,1.57331,1.57395,1.56706,1.57014
7/31/2012 0:00,GBPUSD,1.57015,1.5729,1.56248,1.5673
8/1/2012 0:00,GBPUSD,1.5673,1.56895,1.55295,1.5537
8/2/2012 0:00,GBPUSD,1.55371,1.56777,1.54898,1.55134
8/3/2012 0:00,GBPUSD,1.55133,1.56559,1.55035,1.56371
8/6/2012 0:00,GBPUSD,1.56362,1.56645,1.55453,1.55982
8/7/2012 0:00,GBPUSD,1.55978,1.56835,1.55638,1.56211
8/8/2012 0:00,GBPUSD,1.56212,1.56761,1.55718,1.56566
8/9/2012 0:00,GBPUSD,1.56567,1.56845,1.56049,1.5634
8/10/2012 0:00,GBPUSD,1.56343,1.57001,1.55766,1.56873
8/13/2012 0:00,GBPUSD,1.56759,1.57163,1.56565,1.56799
8/14/2012 0:00,GBPUSD,1.56801,1.57263,1.56707,1.56759
8/15/2012 0:00,GBPUSD,1.56758,1.57006,1.56596,1.56789
8/16/2012 0:00,GBPUSD,1.56788,1.57437,1.56353,1.57344
8/17/2012 0:00,GBPUSD,1.57346,1.57385,1.56736,1.56935
8/20/2012 0:00,GBPUSD,1.56968,1.57166,1.56772,1.57084
8/21/2012 0:00,GBPUSD,1.57084,1.58033,1.57052,1.5782
8/22/2012 0:00,GBPUSD,1.57818,1.58824,1.57679,1.58809
8/23/2012 0:00,GBPUSD,1.5881,1.59113,1.58553,1.58578
8/24/2012 0:00,GBPUSD,1.58581,1.58683,1.58017,1.58089
8/27/2012 0:00,GBPUSD,1.58138,1.58276,1.57863,1.57886
8/28/2012 0:00,GBPUSD,1.57885,1.58349,1.57534,1.58176
8/29/2012 0:00,GBPUSD,1.58175,1.58537,1.5802,1.58281
8/30/2012 0:00,GBPUSD,1.58281,1.58741,1.57704,1.57839
8/31/2012 0:00,GBPUSD,1.57838,1.5894,1.57773,1.58636
9/3/2012 0:00,GBPUSD,1.58808,1.58976,1.5849,1.58835
9/4/2012 0:00,GBPUSD,1.58835,1.59079,1.58578,1.58737
9/5/2012 0:00,GBPUSD,1.58738,1.59333,1.58258,1.59009
9/6/2012 0:00,GBPUSD,1.5901,1.5941,1.58814,1.59348
9/7/2012 0:00,GBPUSD,1.59349,1.60333,1.59217,1.60075
9/10/2012 0:00,GBPUSD,1.60109,1.60175,1.59582,1.59871
9/11/2012 0:00,GBPUSD,1.5987,1.60829,1.59862,1.60675
9/12/2012 0:00,GBPUSD,1.60675,1.61301,1.60633,1.61078
9/13/2012 0:00,GBPUSD,1.61078,1.6173,1.60737,1.61498
9/14/2012 0:00,GBPUSD,1.61499,1.62541,1.61426,1.62143
9/17/2012 0:00,GBPUSD,1.62275,1.62721,1.621,1.62473
9/18/2012 0:00,GBPUSD,1.62473,1.62664,1.62201,1.62388
9/19/2012 0:00,GBPUSD,1.62389,1.62699,1.61839,1.62206
9/20/2012 0:00,GBPUSD,1.62206,1.62353,1.61627,1.62138
9/21/2012 0:00,GBPUSD,1.62141,1.63086,1.6212,1.62286
9/24/2012 0:00,GBPUSD,1.62427,1.62458,1.61813,1.62207
9/25/2012 0:00,GBPUSD,1.62207,1.62666,1.61816,1.61937
9/26/2012 0:00,GBPUSD,1.61936,1.62086,1.61367,1.61672
9/27/2012 0:00,GBPUSD,1.61675,1.62428,1.61653,1.6234
9/28/2012 0:00,GBPUSD,1.62344,1.62714,1.61123,1.61638
10/1/2012 0:00,GBPUSD,1.61544,1.6174,1.61081,1.61294
10/2/2012 0:00,GBPUSD,1.61294,1.61862,1.61244,1.61289
10/3/2012 0:00,GBPUSD,1.61289,1.61403,1.60661,1.60791
10/4/2012 0:00,GBPUSD,1.6079,1.62013,1.60757,1.61927
10/5/2012 0:00,GBPUSD,1.6193,1.62161,1.61222,1.61341
10/8/2012 0:00,GBPUSD,1.61362,1.61384,1.60179,1.602
10/9/2012 0:00,GBPUSD,1.60207,1.60451,1.59759,1.60017
10/10/2012 0:00,GBPUSD,1.60019,1.60338,1.59762,1.60007
10/11/2012 0:00,GBPUSD,1.60009,1.60534,1.5984,1.60467
10/12/2012 0:00,GBPUSD,1.60466,1.60964,1.60179,1.60673
10/15/2012 0:00,GBPUSD,1.60769,1.60797,1.60206,1.60716
10/16/2012 0:00,GBPUSD,1.60717,1.61335,1.606,1.61178
10/17/2012 0:00,GBPUSD,1.61177,1.61777,1.61116,1.61386
10/18/2012 0:00,GBPUSD,1.61387,1.617,1.60399,1.60473
10/19/2012 0:00,GBPUSD,1.60472,1.60664,1.59965,1.59993
10/22/2012 0:00,GBPUSD,1.60064,1.60516,1.59899,1.60121
10/23/2012 0:00,GBPUSD,1.60122,1.60235,1.59126,1.59509
10/24/2012 0:00,GBPUSD,1.5951,1.60475,1.59352,1.6036
10/25/2012 0:00,GBPUSD,1.60361,1.61427,1.60254,1.61186
10/26/2012 0:00,GBPUSD,1.61188,1.61401,1.60798,1.61027
10/29/2012 0:00,GBPUSD,1.60845,1.6092,1.60058,1.60321
10/30/2012 0:00,GBPUSD,1.60319,1.60848,1.60196,1.6083
10/31/2012 0:00,GBPUSD,1.60828,1.61382,1.60675,1.61314
11/1/2012 0:00,GBPUSD,1.61311,1.61743,1.61195,1.61306
11/2/2012 0:00,GBPUSD,1.61306,1.61324,1.60072,1.60208
11/5/2012 0:00,GBPUSD,1.60196,1.60387,1.59569,1.59786
11/6/2012 0:00,GBPUSD,1.59786,1.6007,1.59645,1.59928
11/7/2012 0:00,GBPUSD,1.59927,1.60419,1.59542,1.5981
11/8/2012 0:00,GBPUSD,1.59813,1.60037,1.59286,1.59784
11/9/2012 0:00,GBPUSD,1.59789,1.60186,1.58873,1.58938
11/12/2012 0:00,GBPUSD,1.59026,1.59147,1.5863,1.58762
11/13/2012 0:00,GBPUSD,1.58764,1.59149,1.58578,1.58705
11/14/2012 0:00,GBPUSD,1.58706,1.59007,1.58378,1.5841
11/15/2012 0:00,GBPUSD,1.58411,1.58784,1.58274,1.58607
11/16/2012 0:00,GBPUSD,1.58607,1.59005,1.58351,1.58792
11/19/2012 0:00,GBPUSD,1.58898,1.59223,1.58866,1.59054
11/20/2012 0:00,GBPUSD,1.59052,1.59354,1.58909,1.59252
11/21/2012 0:00,GBPUSD,1.5925,1.59563,1.58827,1.59546
11/22/2012 0:00,GBPUSD,1.59547,1.59779,1.59183,1.59385
11/23/2012 0:00,GBPUSD,1.59389,1.60504,1.5926,1.60252
11/26/2012 0:00,GBPUSD,1.60235,1.60371,1.5996,1.60322
11/27/2012 0:00,GBPUSD,1.60319,1.60551,1.60087,1.60155
11/28/2012 0:00,GBPUSD,1.60153,1.60221,1.59618,1.60124
11/29/2012 0:00,GBPUSD,1.60125,1.60476,1.60015,1.60414
11/30/2012 0:00,GBPUSD,1.60412,1.60617,1.59885,1.60107
12/3/2012 0:00,GBPUSD,1.60221,1.61152,1.60198,1.60945
12/4/2012 0:00,GBPUSD,1.60944,1.61303,1.60859,1.60999
12/5/2012 0:00,GBPUSD,1.60998,1.61176,1.60823,1.60914
12/6/2012 0:00,GBPUSD,1.60915,1.61272,1.60354,1.60415
12/7/2012 0:00,GBPUSD,1.60415,1.60604,1.60016,1.60374
12/10/2012 0:00,GBPUSD,1.60335,1.6096,1.6013,1.60747
12/11/2012 0:00,GBPUSD,1.60743,1.61207,1.60685,1.61145
12/12/2012 0:00,GBPUSD,1.61146,1.61708,1.60943,1.61371
12/13/2012 0:00,GBPUSD,1.6137,1.61527,1.60845,1.61102
12/14/2012 0:00,GBPUSD,1.61101,1.61768,1.6103,1.61718
12/17/2012 0:00,GBPUSD,1.61796,1.62159,1.61568,1.61981
12/18/2012 0:00,GBPUSD,1.61979,1.62686,1.61948,1.6245
12/19/2012 0:00,GBPUSD,1.62454,1.63061,1.62379,1.62493
12/20/2012 0:00,GBPUSD,1.62496,1.62954,1.62412,1.6275
12/21/2012 0:00,GBPUSD,1.62755,1.62758,1.61512,1.61686
12/24/2012 0:00,GBPUSD,1.61569,1.62055,1.61006,1.6132
12/26/2012 0:00,GBPUSD,1.61262,1.61701,1.6107,1.61328
12/27/2012 0:00,GBPUSD,1.61335,1.62018,1.60662,1.61005
12/28/2012 0:00,GBPUSD,1.61006,1.61699,1.60781,1.61455
12/31/2012 0:00,GBPUSD,1.61644,1.62737,1.61331,1.6257
1/1/2013 0:00,GBPUSD,1.62426,1.62569,1.62245,1.62513
1/2/2013 0:00,GBPUSD,1.62517,1.63806,1.62248,1.62519
1/3/2013 0:00,GBPUSD,1.62518,1.62529,1.60572,1.60825
1/4/2013 0:00,GBPUSD,1.60822,1.60985,1.60099,1.60678
1/7/2013 0:00,GBPUSD,1.6077,1.61275,1.60205,1.61266
1/8/2013 0:00,GBPUSD,1.61265,1.61266,1.60285,1.6058
1/9/2013 0:00,GBPUSD,1.60577,1.60745,1.59925,1.60164
1/10/2013 0:00,GBPUSD,1.60163,1.61761,1.60038,1.61625
1/11/2013 0:00,GBPUSD,1.61629,1.61699,1.60888,1.61271
1/14/2013 0:00,GBPUSD,1.61277,1.61542,1.60316,1.60725
1/15/2013 0:00,GBPUSD,1.60722,1.61001,1.60323,1.60597
1/16/2013 0:00,GBPUSD,1.60598,1.608,1.59752,1.59975
1/17/2013 0:00,GBPUSD,1.59977,1.60388,1.59549,1.59965
1/18/2013 0:00,GBPUSD,1.59964,1.59976,1.5854,1.5866
1/21/2013 0:00,GBPUSD,1.58528,1.58932,1.58057,1.58349
1/22/2013 0:00,GBPUSD,1.5835,1.5883,1.58092,1.58374
1/23/2013 0:00,GBPUSD,1.58374,1.58916,1.58015,1.58299
1/24/2013 0:00,GBPUSD,1.58298,1.58506,1.57557,1.57894
1/25/2013 0:00,GBPUSD,1.57897,1.58265,1.57453,1.57955
1/28/2013 0:00,GBPUSD,1.57777,1.57852,1.56742,1.56901
1/29/2013 0:00,GBPUSD,1.56898,1.57732,1.56896,1.57568
1/30/2013 0:00,GBPUSD,1.57568,1.58151,1.57257,1.57945
1/31/2013 0:00,GBPUSD,1.57946,1.58748,1.57745,1.58587
2/1/2013 0:00,GBPUSD,1.58588,1.58782,1.56897,1.56913
2/4/2013 0:00,GBPUSD,1.57036,1.57713,1.56929,1.57498
2/5/2013 0:00,GBPUSD,1.57498,1.58039,1.56304,1.56602
2/6/2013 0:00,GBPUSD,1.56601,1.56776,1.56303,1.56626
2/7/2013 0:00,GBPUSD,1.56625,1.57674,1.56447,1.57132
2/8/2013 0:00,GBPUSD,1.57131,1.5843,1.57046,1.57969
2/11/2013 0:00,GBPUSD,1.57896,1.58094,1.56453,1.56481
2/12/2013 0:00,GBPUSD,1.5648,1.56826,1.55734,1.56777
2/13/2013 0:00,GBPUSD,1.56775,1.56884,1.55236,1.55372
2/14/2013 0:00,GBPUSD,1.55373,1.55423,1.54746,1.54943
2/15/2013 0:00,GBPUSD,1.54944,1.55494,1.54622,1.55162
2/18/2013 0:00,GBPUSD,1.5499,1.55076,1.54377,1.54687
2/19/2013 0:00,GBPUSD,1.54687,1.55035,1.54141,1.54214
2/20/2013 0:00,GBPUSD,1.54216,1.54501,1.51927,1.52365
2/21/2013 0:00,GBPUSD,1.52368,1.52731,1.51305,1.52512
2/22/2013 0:00,GBPUSD,1.52511,1.53192,1.51605,1.51605
2/25/2013 0:00,GBPUSD,1.51072,1.51978,1.50868,1.51628
2/26/2013 0:00,GBPUSD,1.51627,1.52183,1.51131,1.51289
2/27/2013 0:00,GBPUSD,1.5129,1.51876,1.50803,1.51601
2/28/2013 0:00,GBPUSD,1.51599,1.52216,1.51486,1.51669
3/1/2013 0:00,GBPUSD,1.51672,1.51853,1.49857,1.50365
3/4/2013 0:00,GBPUSD,1.50302,1.51162,1.5,1.5114
3/5/2013 0:00,GBPUSD,1.5114,1.51982,1.5094,1.51252
3/6/2013 0:00,GBPUSD,1.51254,1.51524,1.49659,1.49826
3/7/2013 0:00,GBPUSD,1.49824,1.50821,1.49673,1.50119
3/8/2013 0:00,GBPUSD,1.50118,1.50468,1.48864,1.49222
3/11/2013 0:00,GBPUSD,1.49077,1.49428,1.48657,1.49088
3/12/2013 0:00,GBPUSD,1.49086,1.49157,1.48287,1.48969
3/13/2013 0:00,GBPUSD,1.48971,1.49812,1.48921,1.49196
3/14/2013 0:00,GBPUSD,1.49196,1.51183,1.49148,1.50829
3/15/2013 0:00,GBPUSD,1.50828,1.51762,1.50683,1.51128
3/18/2013 0:00,GBPUSD,1.51099,1.51436,1.5071,1.50934
3/19/2013 0:00,GBPUSD,1.50933,1.51441,1.50729,1.5092
3/20/2013 0:00,GBPUSD,1.50919,1.51858,1.50267,1.50914
3/21/2013 0:00,GBPUSD,1.50915,1.52089,1.50878,1.5171
3/22/2013 0:00,GBPUSD,1.51714,1.52474,1.51714,1.52269
3/25/2013 0:00,GBPUSD,1.52344,1.52599,1.51433,1.51752
3/26/2013 0:00,GBPUSD,1.5175,1.5207,1.51351,1.51632
3/27/2013 0:00,GBPUSD,1.51631,1.5181,1.50925,1.51276
3/28/2013 0:00,GBPUSD,1.51275,1.52004,1.51118,1.51908
3/29/2013 0:00,GBPUSD,1.51907,1.52182,1.51771,1.51958
4/1/2013 0:00,GBPUSD,1.5197,1.52414,1.51774,1.52261
4/2/2013 0:00,GBPUSD,1.52261,1.52583,1.50987,1.51043
4/3/2013 0:00,GBPUSD,1.51041,1.5158,1.5075,1.5132
4/4/2013 0:00,GBPUSD,1.51319,1.52453,1.50332,1.5228
4/5/2013 0:00,GBPUSD,1.52285,1.5363,1.5199,1.53357
4/8/2013 0:00,GBPUSD,1.53294,1.53502,1.52386,1.52646
4/9/2013 0:00,GBPUSD,1.52646,1.53413,1.52499,1.53187
4/10/2013 0:00,GBPUSD,1.53187,1.53427,1.52924,1.53265
4/11/2013 0:00,GBPUSD,1.53265,1.54113,1.53171,1.5385
4/12/2013 0:00,GBPUSD,1.53845,1.54094,1.53372,1.53393
4/15/2013 0:00,GBPUSD,1.53381,1.53844,1.52698,1.52918
4/16/2013 0:00,GBPUSD,1.5292,1.53788,1.52725,1.53659
4/17/2013 0:00,GBPUSD,1.53659,1.53688,1.52164,1.52412
4/18/2013 0:00,GBPUSD,1.5241,1.53124,1.52177,1.52797
4/19/2013 0:00,GBPUSD,1.52796,1.53675,1.52239,1.52288
4/22/2013 0:00,GBPUSD,1.52311,1.52952,1.52035,1.52875
4/23/2013 0:00,GBPUSD,1.52869,1.52973,1.51963,1.52363
4/24/2013 0:00,GBPUSD,1.52362,1.52871,1.52261,1.52651
4/25/2013 0:00,GBPUSD,1.52652,1.548,1.52645,1.54341
4/26/2013 0:00,GBPUSD,1.54341,1.54984,1.54185,1.54746
4/29/2013 0:00,GBPUSD,1.54835,1.55456,1.54766,1.54932
4/30/2013 0:00,GBPUSD,1.54932,1.55673,1.54675,1.55351
5/1/2013 0:00,GBPUSD,1.55353,1.56051,1.55259,1.55541
5/2/2013 0:00,GBPUSD,1.55546,1.55904,1.54963,1.55324
5/3/2013 0:00,GBPUSD,1.55324,1.56014,1.54808,1.55683
5/6/2013 0:00,GBPUSD,1.55658,1.55976,1.55206,1.55393
5/7/2013 0:00,GBPUSD,1.55395,1.55518,1.54469,1.54811
5/8/2013 0:00,GBPUSD,1.54811,1.55911,1.54703,1.55407
5/9/2013 0:00,GBPUSD,1.55407,1.55875,1.54256,1.54473
5/10/2013 0:00,GBPUSD,1.54473,1.54571,1.53139,1.53579
5/13/2013 0:00,GBPUSD,1.53552,1.53845,1.52776,1.53021
5/14/2013 0:00,GBPUSD,1.53024,1.53306,1.52063,1.52179
5/15/2013 0:00,GBPUSD,1.52189,1.52727,1.51737,1.52252
5/16/2013 0:00,GBPUSD,1.52247,1.53223,1.51977,1.52735
5/17/2013 0:00,GBPUSD,1.52737,1.5281,1.5158,1.51666
5/20/2013 0:00,GBPUSD,1.5186,1.52807,1.51656,1.52575
5/21/2013 0:00,GBPUSD,1.52576,1.52761,1.51124,1.515
5/22/2013 0:00,GBPUSD,1.51504,1.51732,1.50196,1.50428
5/23/2013 0:00,GBPUSD,1.50428,1.51281,1.50138,1.51082
5/24/2013 0:00,GBPUSD,1.51078,1.51421,1.50636,1.51195
5/27/2013 0:00,GBPUSD,1.51295,1.51558,1.50868,1.51105
5/28/2013 0:00,GBPUSD,1.51098,1.51345,1.50268,1.50351
5/29/2013 0:00,GBPUSD,1.50352,1.51455,1.50081,1.51279
5/30/2013 0:00,GBPUSD,1.51272,1.5237,1.51102,1.52328
5/31/2013 0:00,GBPUSD,1.52328,1.52393,1.514,1.51938
6/3/2013 0:00,GBPUSD,1.51975,1.53748,1.51919,1.53179
6/4/2013 0:00,GBPUSD,1.5318,1.53425,1.52732,1.5315
6/5/2013 0:00,GBPUSD,1.5315,1.54084,1.52917,1.54058
6/6/2013 0:00,GBPUSD,1.54043,1.56833,1.53811,1.55994
6/7/2013 0:00,GBPUSD,1.55993,1.56171,1.54881,1.55552
6/10/2013 0:00,GBPUSD,1.55159,1.55854,1.54947,1.55715
6/11/2013 0:00,GBPUSD,1.55713,1.56526,1.55207,1.56445
6/12/2013 0:00,GBPUSD,1.56447,1.56995,1.5633,1.56786
6/13/2013 0:00,GBPUSD,1.56786,1.5736,1.56442,1.57189
6/14/2013 0:00,GBPUSD,1.57185,1.57188,1.5616,1.57008
6/17/2013 0:00,GBPUSD,1.57109,1.5751,1.56804,1.57172
6/18/2013 0:00,GBPUSD,1.57174,1.57219,1.5565,1.56392
6/19/2013 0:00,GBPUSD,1.56395,1.56769,1.54495,1.54875
6/20/2013 0:00,GBPUSD,1.54875,1.55164,1.54144,1.55036
6/21/2013 0:00,GBPUSD,1.55041,1.55302,1.5368,1.54144
6/24/2013 0:00,GBPUSD,1.53939,1.54652,1.53435,1.54359
6/25/2013 0:00,GBPUSD,1.54353,1.54771,1.53972,1.54237
6/26/2013 0:00,GBPUSD,1.54237,1.54401,1.52975,1.53138
6/27/2013 0:00,GBPUSD,1.53137,1.53455,1.52016,1.52584
6/28/2013 0:00,GBPUSD,1.52583,1.52784,1.51654,1.52112
7/1/2013 0:00,GBPUSD,1.52068,1.52483,1.51832,1.52163
7/2/2013 0:00,GBPUSD,1.52162,1.52377,1.51361,1.51528
7/3/2013 0:00,GBPUSD,1.51527,1.53042,1.51297,1.52789
7/4/2013 0:00,GBPUSD,1.52788,1.52828,1.50557,1.50714
7/5/2013 0:00,GBPUSD,1.50717,1.50778,1.48595,1.48827
7/8/2013 0:00,GBPUSD,1.48777,1.49656,1.48581,1.49484
7/9/2013 0:00,GBPUSD,1.49481,1.49804,1.48133,1.48649
7/10/2013 0:00,GBPUSD,1.48655,1.50665,1.48447,1.50622
7/11/2013 0:00,GBPUSD,1.50621,1.52219,1.50338,1.51832
7/12/2013 0:00,GBPUSD,1.51821,1.51886,1.50757,1.51036
7/15/2013 0:00,GBPUSD,1.51083,1.51262,1.50274,1.50999
7/16/2013 0:00,GBPUSD,1.51001,1.51685,1.50445,1.5147
7/17/2013 0:00,GBPUSD,1.51468,1.52673,1.50787,1.52132
7/18/2013 0:00,GBPUSD,1.52133,1.52419,1.51576,1.52278
7/19/2013 0:00,GBPUSD,1.52278,1.52816,1.51962,1.5259
7/22/2013 0:00,GBPUSD,1.52611,1.53839,1.52574,1.53563
7/23/2013 0:00,GBPUSD,1.53565,1.53915,1.53259,1.53725
7/24/2013 0:00,GBPUSD,1.53728,1.53897,1.5289,1.53151
7/25/2013 0:00,GBPUSD,1.53166,1.54351,1.52634,1.53822
7/26/2013 0:00,GBPUSD,1.53822,1.54161,1.53557,1.53779
7/29/2013 0:00,GBPUSD,1.53839,1.54134,1.53286,1.53408
7/30/2013 0:00,GBPUSD,1.53408,1.53535,1.52233,1.52373
7/31/2013 0:00,GBPUSD,1.52374,1.52534,1.51257,1.51975
8/1/2013 0:00,GBPUSD,1.52037,1.52424,1.51099,1.51176
8/2/2013 0:00,GBPUSD,1.51176,1.53087,1.51024,1.52863
8/5/2013 0:00,GBPUSD,1.52828,1.53783,1.52588,1.53542
8/6/2013 0:00,GBPUSD,1.53542,1.53915,1.53315,1.53486
8/7/2013 0:00,GBPUSD,1.53493,1.55308,1.52048,1.54882
8/8/2013 0:00,GBPUSD,1.54886,1.5574,1.54847,1.55366
8/9/2013 0:00,GBPUSD,1.55364,1.55584,1.54966,1.54966
8/12/2013 0:00,GBPUSD,1.55027,1.55222,1.54566,1.54612
8/13/2013 0:00,GBPUSD,1.54612,1.55118,1.54269,1.54464
8/14/2013 0:00,GBPUSD,1.54473,1.55467,1.5422,1.55028
8/15/2013 0:00,GBPUSD,1.55028,1.56517,1.55018,1.56434
8/16/2013 0:00,GBPUSD,1.56434,1.56564,1.56073,1.56223
8/19/2013 0:00,GBPUSD,1.56296,1.56731,1.56091,1.56467
8/20/2013 0:00,GBPUSD,1.56469,1.56955,1.56284,1.56621
8/21/2013 0:00,GBPUSD,1.56629,1.5717,1.56373,1.5656
8/22/2013 0:00,GBPUSD,1.5656,1.56594,1.55626,1.5584
8/23/2013 0:00,GBPUSD,1.5584,1.56372,1.55385,1.55662
8/26/2013 0:00,GBPUSD,1.55752,1.56117,1.55563,1.55777
8/27/2013 0:00,GBPUSD,1.55782,1.55922,1.54815,1.55432
8/28/2013 0:00,GBPUSD,1.55436,1.55524,1.5428,1.5525
8/29/2013 0:00,GBPUSD,1.55254,1.5548,1.54823,1.55011
8/30/2013 0:00,GBPUSD,1.55015,1.55276,1.54629,1.54912
9/2/2013 0:00,GBPUSD,1.5518,1.55931,1.55054,1.55461
9/3/2013 0:00,GBPUSD,1.55462,1.56026,1.5522,1.55581
9/4/2013 0:00,GBPUSD,1.55591,1.56471,1.55556,1.56228
9/5/2013 0:00,GBPUSD,1.56229,1.56668,1.55728,1.55873
9/6/2013 0:00,GBPUSD,1.55879,1.56808,1.5563,1.56266
9/9/2013 0:00,GBPUSD,1.56275,1.57321,1.56258,1.56935
9/10/2013 0:00,GBPUSD,1.56933,1.57439,1.56853,1.57312
9/11/2013 0:00,GBPUSD,1.57312,1.58287,1.57184,1.58228
9/12/2013 0:00,GBPUSD,1.58226,1.58391,1.57763,1.58067
9/13/2013 0:00,GBPUSD,1.58068,1.58844,1.57761,1.58729
9/16/2013 0:00,GBPUSD,1.59318,1.59626,1.58943,1.58965
9/17/2013 0:00,GBPUSD,1.58966,1.59358,1.58857,1.59061
9/18/2013 0:00,GBPUSD,1.59061,1.61624,1.58922,1.61338
9/19/2013 0:00,GBPUSD,1.61342,1.61467,1.60225,1.60291
9/20/2013 0:00,GBPUSD,1.60291,1.60665,1.59864,1.60016
9/23/2013 0:00,GBPUSD,1.59987,1.6072,1.59978,1.60408
9/24/2013 0:00,GBPUSD,1.60408,1.60435,1.5955,1.60009
9/25/2013 0:00,GBPUSD,1.60013,1.60877,1.59792,1.60772
9/26/2013 0:00,GBPUSD,1.60773,1.60959,1.59992,1.60373
9/27/2013 0:00,GBPUSD,1.60374,1.61466,1.60296,1.61366
9/30/2013 0:00,GBPUSD,1.61419,1.62024,1.6128,1.61837
10/1/2013 0:00,GBPUSD,1.61838,1.62599,1.61823,1.61905
10/2/2013 0:00,GBPUSD,1.61905,1.62502,1.61623,1.62289
10/3/2013 0:00,GBPUSD,1.62288,1.62405,1.6154,1.61581
10/4/2013 0:00,GBPUSD,1.61582,1.61775,1.60054,1.60055
10/7/2013 0:00,GBPUSD,1.60253,1.60995,1.60251,1.60884
10/8/2013 0:00,GBPUSD,1.60884,1.61237,1.60196,1.60831
10/9/2013 0:00,GBPUSD,1.60831,1.61209,1.5916,1.59522
10/10/2013 0:00,GBPUSD,1.59528,1.59783,1.59137,1.59712
10/11/2013 0:00,GBPUSD,1.59712,1.60015,1.59233,1.59459
10/14/2013 0:00,GBPUSD,1.59668,1.60179,1.59541,1.59801
10/15/2013 0:00,GBPUSD,1.59799,1.60086,1.59149,1.59965
10/16/2013 0:00,GBPUSD,1.59964,1.60578,1.58938,1.5955
10/17/2013 0:00,GBPUSD,1.59553,1.61718,1.59398,1.61602
10/18/2013 0:00,GBPUSD,1.61607,1.62247,1.61416,1.61638
10/21/2013 0:00,GBPUSD,1.61712,1.61806,1.6132,1.61429
10/22/2013 0:00,GBPUSD,1.61444,1.62476,1.61154,1.62293
10/23/2013 0:00,GBPUSD,1.62289,1.62562,1.61196,1.61642
10/24/2013 0:00,GBPUSD,1.61638,1.62226,1.61374,1.6201
10/25/2013 0:00,GBPUSD,1.62013,1.62467,1.61502,1.61619
10/28/2013 0:00,GBPUSD,1.61729,1.62079,1.61242,1.61364
10/29/2013 0:00,GBPUSD,1.61364,1.61439,1.60234,1.60508
10/30/2013 0:00,GBPUSD,1.60504,1.60779,1.59984,1.60264
10/31/2013 0:00,GBPUSD,1.6027,1.60683,1.60056,1.60427
11/1/2013 0:00,GBPUSD,1.60429,1.60462,1.59086,1.59214
11/4/2013 0:00,GBPUSD,1.5927,1.59782,1.59032,1.59636
11/5/2013 0:00,GBPUSD,1.59637,1.60624,1.59482,1.60454
11/6/2013 0:00,GBPUSD,1.60458,1.61175,1.60414,1.60812
11/7/2013 0:00,GBPUSD,1.60812,1.61136,1.60096,1.60942
11/8/2013 0:00,GBPUSD,1.6094,1.61047,1.59569,1.60126
11/11/2013 0:00,GBPUSD,1.60072,1.60215,1.59653,1.59867
11/12/2013 0:00,GBPUSD,1.5987,1.59921,1.58539,1.58952
11/13/2013 0:00,GBPUSD,1.58949,1.60673,1.58779,1.60414
11/14/2013 0:00,GBPUSD,1.60418,1.6101,1.59885,1.60617
11/15/2013 0:00,GBPUSD,1.60615,1.6134,1.60481,1.61142
11/18/2013 0:00,GBPUSD,1.61197,1.61484,1.60814,1.61091
11/19/2013 0:00,GBPUSD,1.61089,1.6132,1.60593,1.61164
11/20/2013 0:00,GBPUSD,1.61164,1.61778,1.60872,1.61018
11/21/2013 0:00,GBPUSD,1.6101,1.6202,1.60721,1.61933
11/22/2013 0:00,GBPUSD,1.61933,1.62252,1.61766,1.62212
11/25/2013 0:00,GBPUSD,1.62351,1.62401,1.61333,1.61623
11/26/2013 0:00,GBPUSD,1.61613,1.62189,1.61388,1.62107
11/27/2013 0:00,GBPUSD,1.62108,1.63302,1.61973,1.62863
11/28/2013 0:00,GBPUSD,1.62863,1.63573,1.62766,1.63363
11/29/2013 0:00,GBPUSD,1.63363,1.63841,1.63142,1.63611
12/2/2013 0:00,GBPUSD,1.63739,1.64423,1.63429,1.635
12/3/2013 0:00,GBPUSD,1.63506,1.64365,1.63464,1.63851
12/4/2013 0:00,GBPUSD,1.6385,1.64034,1.63263,1.63785
12/5/2013 0:00,GBPUSD,1.63784,1.64034,1.63001,1.63392
12/6/2013 0:00,GBPUSD,1.63392,1.63931,1.62916,1.63454
12/9/2013 0:00,GBPUSD,1.6346,1.64322,1.63232,1.64223
12/10/2013 0:00,GBPUSD,1.64218,1.64652,1.64185,1.6446
12/11/2013 0:00,GBPUSD,1.64461,1.64573,1.6339,1.63753
12/12/2013 0:00,GBPUSD,1.63756,1.64178,1.63205,1.63428
12/13/2013 0:00,GBPUSD,1.63428,1.63597,1.62623,1.62914
12/16/2013 0:00,GBPUSD,1.63055,1.63485,1.62893,1.6297
12/17/2013 0:00,GBPUSD,1.62972,1.63355,1.62175,1.62728
12/18/2013 0:00,GBPUSD,1.62724,1.64841,1.62691,1.63827
12/19/2013 0:00,GBPUSD,1.63827,1.63955,1.63353,1.6364
12/20/2013 0:00,GBPUSD,1.6364,1.63944,1.63157,1.63279
12/23/2013 0:00,GBPUSD,1.63273,1.63747,1.63215,1.63464
12/24/2013 0:00,GBPUSD,1.63461,1.63811,1.63219,1.63694
12/26/2013 0:00,GBPUSD,1.63793,1.64378,1.63707,1.64137
12/27/2013 0:00,GBPUSD,1.64139,1.65775,1.64054,1.64787
12/30/2013 0:00,GBPUSD,1.64883,1.65325,1.64597,1.6493
12/31/2013 0:00,GBPUSD,1.64927,1.65778,1.64742,1.65639
1/1/2014 0:00,GBPUSD,1.65623,1.65759,1.6558,1.65759
1/2/2014 0:00,GBPUSD,1.65744,1.6603,1.64106,1.64442
1/3/2014 0:00,GBPUSD,1.64442,1.64738,1.63952,1.64151
1/6/2014 0:00,GBPUSD,1.64109,1.64334,1.63374,1.64145
1/7/2014 0:00,GBPUSD,1.64141,1.64381,1.63739,1.64003
1/8/2014 0:00,GBPUSD,1.64001,1.64715,1.63765,1.64427
1/9/2014 0:00,GBPUSD,1.64425,1.64973,1.64409,1.64734
1/10/2014 0:00,GBPUSD,1.64734,1.65169,1.63804,1.64784
1/13/2014 0:00,GBPUSD,1.64867,1.65078,1.63465,1.63817
1/14/2014 0:00,GBPUSD,1.63817,1.64641,1.6367,1.6435
1/15/2014 0:00,GBPUSD,1.6435,1.64391,1.63222,1.63678
1/16/2014 0:00,GBPUSD,1.63679,1.63829,1.63147,1.63504
1/17/2014 0:00,GBPUSD,1.63506,1.64583,1.6309,1.64226
1/20/2014 0:00,GBPUSD,1.64148,1.64519,1.63953,1.64278
1/21/2014 0:00,GBPUSD,1.64271,1.64853,1.63991,1.64746
1/22/2014 0:00,GBPUSD,1.64744,1.65865,1.64504,1.65683
1/23/2014 0:00,GBPUSD,1.65679,1.66428,1.65566,1.66379
1/24/2014 0:00,GBPUSD,1.66378,1.6668,1.64768,1.64768
1/27/2014 0:00,GBPUSD,1.64754,1.65875,1.64743,1.65783
1/28/2014 0:00,GBPUSD,1.65783,1.6625,1.65355,1.65637
1/29/2014 0:00,GBPUSD,1.65639,1.66063,1.65253,1.65555
1/30/2014 0:00,GBPUSD,1.65553,1.65639,1.64447,1.64925
1/31/2014 0:00,GBPUSD,1.64925,1.64978,1.64271,1.64343
2/3/2014 0:00,GBPUSD,1.64296,1.64407,1.62898,1.63083
2/4/2014 0:00,GBPUSD,1.63088,1.63442,1.62569,1.6324
2/5/2014 0:00,GBPUSD,1.63236,1.63406,1.62519,1.63116
2/6/2014 0:00,GBPUSD,1.63116,1.63483,1.62724,1.63178
2/7/2014 0:00,GBPUSD,1.63178,1.64177,1.63005,1.64101
2/10/2014 0:00,GBPUSD,1.6408,1.64269,1.63829,1.64045
2/11/2014 0:00,GBPUSD,1.64046,1.64871,1.63921,1.64489
2/12/2014 0:00,GBPUSD,1.64487,1.6618,1.64254,1.66108
2/13/2014 0:00,GBPUSD,1.66098,1.6673,1.65999,1.66557
2/14/2014 0:00,GBPUSD,1.66558,1.67555,1.66439,1.67466
2/17/2014 0:00,GBPUSD,1.67579,1.68223,1.66954,1.67133
2/18/2014 0:00,GBPUSD,1.67127,1.6741,1.66556,1.66786
2/19/2014 0:00,GBPUSD,1.66798,1.67335,1.66367,1.66791
2/20/2014 0:00,GBPUSD,1.66797,1.66996,1.66255,1.66528
2/21/2014 0:00,GBPUSD,1.66512,1.67247,1.66125,1.66145
2/24/2014 0:00,GBPUSD,1.66323,1.66787,1.65831,1.66557
2/25/2014 0:00,GBPUSD,1.66553,1.67266,1.66424,1.66769
2/26/2014 0:00,GBPUSD,1.66772,1.67013,1.66215,1.66657
2/27/2014 0:00,GBPUSD,1.66657,1.66989,1.66166,1.6688
2/28/2014 0:00,GBPUSD,1.66877,1.67684,1.66759,1.67398
3/3/2014 0:00,GBPUSD,1.67414,1.67509,1.66532,1.66633
3/4/2014 0:00,GBPUSD,1.66632,1.67164,1.66403,1.66584
3/5/2014 0:00,GBPUSD,1.66582,1.67416,1.66563,1.67213
3/6/2014 0:00,GBPUSD,1.67212,1.67771,1.66852,1.67382
3/7/2014 0:00,GBPUSD,1.67379,1.67855,1.67064,1.67114
3/10/2014 0:00,GBPUSD,1.6721,1.6741,1.66216,1.66448
3/11/2014 0:00,GBPUSD,1.6645,1.66529,1.6596,1.66178
3/12/2014 0:00,GBPUSD,1.66178,1.66356,1.65681,1.66217
3/13/2014 0:00,GBPUSD,1.66217,1.6718,1.66064,1.66236
3/14/2014 0:00,GBPUSD,1.66236,1.66489,1.65869,1.66464
3/17/2014 0:00,GBPUSD,1.66344,1.66657,1.66044,1.66351
3/18/2014 0:00,GBPUSD,1.66351,1.66475,1.65455,1.65953
3/19/2014 0:00,GBPUSD,1.65952,1.66542,1.65079,1.65338
3/20/2014 0:00,GBPUSD,1.65341,1.65681,1.64798,1.65062
3/21/2014 0:00,GBPUSD,1.65062,1.65201,1.64752,1.64852
3/24/2014 0:00,GBPUSD,1.64853,1.6536,1.64652,1.64961
3/25/2014 0:00,GBPUSD,1.64946,1.65492,1.6481,1.65327
3/26/2014 0:00,GBPUSD,1.65327,1.65966,1.65093,1.6576
3/27/2014 0:00,GBPUSD,1.65762,1.66466,1.65549,1.66075
3/28/2014 0:00,GBPUSD,1.66075,1.66511,1.65988,1.66378
3/31/2014 0:00,GBPUSD,1.66422,1.66837,1.66112,1.6663
4/1/2014 0:00,GBPUSD,1.66629,1.66747,1.66182,1.66307
4/2/2014 0:00,GBPUSD,1.66307,1.66637,1.66199,1.66248
4/3/2014 0:00,GBPUSD,1.66248,1.66605,1.657,1.65941
4/4/2014 0:00,GBPUSD,1.65941,1.66055,1.65536,1.65712
4/7/2014 0:00,GBPUSD,1.65713,1.66237,1.65654,1.66084
4/8/2014 0:00,GBPUSD,1.66084,1.67545,1.66064,1.67481
4/9/2014 0:00,GBPUSD,1.67479,1.68,1.67241,1.67905
4/10/2014 0:00,GBPUSD,1.67907,1.68201,1.67541,1.67834
4/11/2014 0:00,GBPUSD,1.67833,1.67869,1.67171,1.67304
4/14/2014 0:00,GBPUSD,1.67369,1.67435,1.66965,1.67238
4/15/2014 0:00,GBPUSD,1.67243,1.67489,1.666,1.67284
4/16/2014 0:00,GBPUSD,1.67284,1.68177,1.67199,1.67964
4/17/2014 0:00,GBPUSD,1.67962,1.68417,1.67866,1.67923
4/18/2014 0:00,GBPUSD,1.6793,1.68013,1.67739,1.67886
4/21/2014 0:00,GBPUSD,1.68009,1.68184,1.67828,1.6793
4/22/2014 0:00,GBPUSD,1.6793,1.6839,1.67856,1.68237
4/23/2014 0:00,GBPUSD,1.68239,1.68357,1.67623,1.67795
4/24/2014 0:00,GBPUSD,1.67794,1.68061,1.6765,1.68011
4/25/2014 0:00,GBPUSD,1.68011,1.68295,1.67897,1.67977
4/28/2014 0:00,GBPUSD,1.68025,1.68574,1.67772,1.6808
4/29/2014 0:00,GBPUSD,1.68078,1.68467,1.67927,1.68261
4/30/2014 0:00,GBPUSD,1.68254,1.69006,1.68069,1.68741
5/1/2014 0:00,GBPUSD,1.68739,1.69195,1.68713,1.68881
5/2/2014 0:00,GBPUSD,1.68881,1.68949,1.68215,1.68685
5/5/2014 0:00,GBPUSD,1.68743,1.68823,1.68532,1.68679
5/6/2014 0:00,GBPUSD,1.68675,1.69961,1.68659,1.69726
5/7/2014 0:00,GBPUSD,1.69726,1.69859,1.6951,1.69543
5/8/2014 0:00,GBPUSD,1.69542,1.69752,1.69234,1.69311
5/9/2014 0:00,GBPUSD,1.6931,1.69379,1.68317,1.68472
5/12/2014 0:00,GBPUSD,1.68469,1.69029,1.68466,1.68677
5/13/2014 0:00,GBPUSD,1.68675,1.6883,1.68186,1.68264
5/14/2014 0:00,GBPUSD,1.68266,1.68744,1.67535,1.67659
5/15/2014 0:00,GBPUSD,1.67658,1.68059,1.67316,1.6789
5/16/2014 0:00,GBPUSD,1.67887,1.68386,1.67832,1.681
5/19/2014 0:00,GBPUSD,1.68227,1.68445,1.68049,1.68139
5/20/2014 0:00,GBPUSD,1.68138,1.68639,1.68019,1.68379
5/21/2014 0:00,GBPUSD,1.68378,1.69201,1.68318,1.68987
5/22/2014 0:00,GBPUSD,1.68988,1.69172,1.68514,1.68665
5/23/2014 0:00,GBPUSD,1.6867,1.68751,1.68125,1.683
5/26/2014 0:00,GBPUSD,1.68337,1.68524,1.6826,1.68402
5/27/2014 0:00,GBPUSD,1.68402,1.68816,1.67823,1.68099
5/28/2014 0:00,GBPUSD,1.68098,1.68153,1.66971,1.67107
5/29/2014 0:00,GBPUSD,1.67107,1.67401,1.66925,1.67165
5/30/2014 0:00,GBPUSD,1.67165,1.6777,1.67151,1.67505
6/2/2014 0:00,GBPUSD,1.67599,1.67612,1.67249,1.67466
6/3/2014 0:00,GBPUSD,1.67461,1.67821,1.67305,1.67486
6/4/2014 0:00,GBPUSD,1.67484,1.67681,1.66988,1.67356
6/5/2014 0:00,GBPUSD,1.67353,1.68249,1.67224,1.68138
6/6/2014 0:00,GBPUSD,1.68138,1.68454,1.67807,1.67997
6/9/2014 0:00,GBPUSD,1.68083,1.68321,1.67838,1.68019
6/10/2014 0:00,GBPUSD,1.68014,1.68171,1.67425,1.67539
6/11/2014 0:00,GBPUSD,1.67537,1.68102,1.67378,1.67896
6/12/2014 0:00,GBPUSD,1.67895,1.69352,1.6787,1.69251
6/13/2014 0:00,GBPUSD,1.69247,1.69913,1.69215,1.69634
6/16/2014 0:00,GBPUSD,1.69752,1.70106,1.69592,1.69799
6/17/2014 0:00,GBPUSD,1.69798,1.6989,1.69376,1.69615
6/18/2014 0:00,GBPUSD,1.69612,1.70021,1.69195,1.69914
6/19/2014 0:00,GBPUSD,1.69913,1.70626,1.69843,1.7039
6/20/2014 0:00,GBPUSD,1.70395,1.70602,1.70027,1.70138
6/23/2014 0:00,GBPUSD,1.7021,1.70491,1.70014,1.70266
6/24/2014 0:00,GBPUSD,1.70264,1.70317,1.69656,1.69834
6/25/2014 0:00,GBPUSD,1.69836,1.70041,1.69521,1.69812
6/26/2014 0:00,GBPUSD,1.69815,1.70398,1.69708,1.70249
6/27/2014 0:00,GBPUSD,1.70249,1.70512,1.70065,1.70312
6/30/2014 0:00,GBPUSD,1.70341,1.71136,1.70085,1.71085
7/1/2014 0:00,GBPUSD,1.71086,1.71648,1.70946,1.71478
7/2/2014 0:00,GBPUSD,1.71477,1.7175,1.71389,1.71626
7/3/2014 0:00,GBPUSD,1.71627,1.71637,1.71057,1.71514
7/4/2014 0:00,GBPUSD,1.71515,1.71789,1.7131,1.71595
7/7/2014 0:00,GBPUSD,1.71625,1.7163,1.7108,1.71308
7/8/2014 0:00,GBPUSD,1.71312,1.71468,1.70849,1.71295
7/9/2014 0:00,GBPUSD,1.71293,1.716,1.70937,1.71556
7/10/2014 0:00,GBPUSD,1.71554,1.71669,1.71046,1.71311
7/11/2014 0:00,GBPUSD,1.71312,1.71502,1.70885,1.71098
7/14/2014 0:00,GBPUSD,1.71206,1.71441,1.70698,1.70847
7/15/2014 0:00,GBPUSD,1.70845,1.71898,1.70593,1.7142
7/16/2014 0:00,GBPUSD,1.71419,1.71511,1.71132,1.71375
7/17/2014 0:00,GBPUSD,1.71373,1.71433,1.70853,1.71007
7/18/2014 0:00,GBPUSD,1.71004,1.71175,1.7036,1.7076
7/21/2014 0:00,GBPUSD,1.7081,1.70989,1.70552,1.70722
7/22/2014 0:00,GBPUSD,1.70722,1.70825,1.70412,1.70643
7/23/2014 0:00,GBPUSD,1.70641,1.70949,1.70237,1.70391
7/24/2014 0:00,GBPUSD,1.70384,1.70531,1.69659,1.69868
7/25/2014 0:00,GBPUSD,1.69856,1.69977,1.69607,1.69734
7/28/2014 0:00,GBPUSD,1.69762,1.70007,1.69721,1.69827
7/29/2014 0:00,GBPUSD,1.69821,1.69945,1.6933,1.69434
7/30/2014 0:00,GBPUSD,1.69429,1.69548,1.68888,1.69107
7/31/2014 0:00,GBPUSD,1.69109,1.69264,1.68562,1.68831
8/1/2014 0:00,GBPUSD,1.6883,1.68923,1.68027,1.68215
8/4/2014 0:00,GBPUSD,1.68237,1.68643,1.68135,1.68592
8/5/2014 0:00,GBPUSD,1.68592,1.68883,1.68447,1.68819
8/6/2014 0:00,GBPUSD,1.68822,1.68833,1.68213,1.68513
8/7/2014 0:00,GBPUSD,1.68514,1.68635,1.68231,1.68325
8/8/2014 0:00,GBPUSD,1.68325,1.68335,1.67663,1.67685
8/11/2014 0:00,GBPUSD,1.67736,1.67954,1.67701,1.67868
8/12/2014 0:00,GBPUSD,1.6787,1.68155,1.67566,1.68101
8/13/2014 0:00,GBPUSD,1.681,1.68445,1.6685,1.6689
8/14/2014 0:00,GBPUSD,1.66885,1.66966,1.66571,1.66843
8/15/2014 0:00,GBPUSD,1.66844,1.67013,1.66764,1.66861
8/18/2014 0:00,GBPUSD,1.67152,1.67371,1.67121,1.67266
8/19/2014 0:00,GBPUSD,1.67265,1.67273,1.66109,1.66151
8/20/2014 0:00,GBPUSD,1.66153,1.66785,1.65894,1.65935
8/21/2014 0:00,GBPUSD,1.65933,1.66012,1.65637,1.65788
8/22/2014 0:00,GBPUSD,1.65786,1.65975,1.65609,1.65649
8/25/2014 0:00,GBPUSD,1.65417,1.6598,1.65388,1.65701
8/26/2014 0:00,GBPUSD,1.657,1.6595,1.65381,1.65411
8/27/2014 0:00,GBPUSD,1.65407,1.66049,1.65366,1.65737
8/28/2014 0:00,GBPUSD,1.65737,1.66132,1.65669,1.65883
8/29/2014 0:00,GBPUSD,1.65881,1.66131,1.65624,1.65971
9/1/2014 0:00,GBPUSD,1.65895,1.66435,1.65855,1.66083
9/2/2014 0:00,GBPUSD,1.66083,1.66147,1.64674,1.64693
9/3/2014 0:00,GBPUSD,1.64693,1.64972,1.64398,1.64597
9/4/2014 0:00,GBPUSD,1.64593,1.64656,1.63061,1.63165
9/5/2014 0:00,GBPUSD,1.63162,1.63405,1.62806,1.63262
9/8/2014 0:00,GBPUSD,1.61865,1.62328,1.60928,1.60929
9/9/2014 0:00,GBPUSD,1.60938,1.61568,1.60591,1.61046
9/10/2014 0:00,GBPUSD,1.61044,1.62298,1.6052,1.62011
9/11/2014 0:00,GBPUSD,1.62026,1.6277,1.61852,1.62738
9/12/2014 0:00,GBPUSD,1.62738,1.62738,1.62046,1.6263
9/15/2014 0:00,GBPUSD,1.62698,1.62731,1.62209,1.62266
9/16/2014 0:00,GBPUSD,1.62274,1.63118,1.61621,1.62702
9/17/2014 0:00,GBPUSD,1.62702,1.63583,1.62489,1.62585
9/18/2014 0:00,GBPUSD,1.62582,1.64595,1.62465,1.64381
9/19/2014 0:00,GBPUSD,1.64394,1.65244,1.62838,1.62876
9/22/2014 0:00,GBPUSD,1.62905,1.63678,1.62897,1.6362
9/23/2014 0:00,GBPUSD,1.63617,1.64156,1.63029,1.63901
9/24/2014 0:00,GBPUSD,1.63897,1.64134,1.63274,1.63364
9/25/2014 0:00,GBPUSD,1.63365,1.63418,1.62763,1.63177
9/26/2014 0:00,GBPUSD,1.63177,1.63329,1.62379,1.62416
9/29/2014 0:00,GBPUSD,1.62383,1.62745,1.62143,1.62422
9/30/2014 0:00,GBPUSD,1.6242,1.62873,1.61664,1.62149
10/1/2014 0:00,GBPUSD,1.62149,1.62521,1.61618,1.61826
10/2/2014 0:00,GBPUSD,1.61825,1.625,1.61126,1.61496
10/3/2014 0:00,GBPUSD,1.61496,1.61591,1.59518,1.59672
10/6/2014 0:00,GBPUSD,1.59683,1.60993,1.59542,1.60816
10/7/2014 0:00,GBPUSD,1.60815,1.61291,1.6026,1.60968
10/8/2014 0:00,GBPUSD,1.60965,1.61816,1.60319,1.61591
10/9/2014 0:00,GBPUSD,1.6159,1.62268,1.61045,1.6119
10/10/2014 0:00,GBPUSD,1.6119,1.61358,1.60086,1.60756
10/13/2014 0:00,GBPUSD,1.60681,1.61267,1.60509,1.60739
10/14/2014 0:00,GBPUSD,1.6074,1.60801,1.58974,1.59047
10/15/2014 0:00,GBPUSD,1.59047,1.60692,1.5875,1.60015
10/16/2014 0:00,GBPUSD,1.60015,1.60967,1.59412,1.6074
10/17/2014 0:00,GBPUSD,1.60739,1.61252,1.60296,1.60915
10/20/2014 0:00,GBPUSD,1.60935,1.61787,1.60795,1.61587
10/21/2014 0:00,GBPUSD,1.61585,1.61838,1.61087,1.61167
10/22/2014 0:00,GBPUSD,1.61165,1.61303,1.60109,1.60417
10/23/2014 0:00,GBPUSD,1.60417,1.60596,1.5994,1.60278
10/24/2014 0:00,GBPUSD,1.60276,1.60979,1.60163,1.60832
10/27/2014 0:00,GBPUSD,1.60927,1.61465,1.60858,1.61118
10/28/2014 0:00,GBPUSD,1.61118,1.6182,1.60882,1.61339
10/29/2014 0:00,GBPUSD,1.61341,1.61611,1.60024,1.6014
10/30/2014 0:00,GBPUSD,1.60142,1.6038,1.59505,1.5993
10/31/2014 0:00,GBPUSD,1.59932,1.60107,1.59414,1.5993
11/3/2014 0:00,GBPUSD,1.59725,1.60212,1.59259,1.59773
11/4/2014 0:00,GBPUSD,1.59768,1.60157,1.59646,1.60045
11/5/2014 0:00,GBPUSD,1.60046,1.60212,1.58684,1.59602
11/6/2014 0:00,GBPUSD,1.59605,1.60015,1.58238,1.5834
11/7/2014 0:00,GBPUSD,1.5834,1.5886,1.57893,1.587
11/10/2014 0:00,GBPUSD,1.58809,1.59169,1.58391,1.58451
11/11/2014 0:00,GBPUSD,1.58448,1.59441,1.58347,1.59155
11/12/2014 0:00,GBPUSD,1.59155,1.59404,1.57593,1.57658
11/13/2014 0:00,GBPUSD,1.57651,1.57808,1.56934,1.57049
11/14/2014 0:00,GBPUSD,1.57049,1.57076,1.55926,1.56672
11/17/2014 0:00,GBPUSD,1.56657,1.5735,1.56193,1.56344
11/18/2014 0:00,GBPUSD,1.56348,1.56786,1.56192,1.5621
11/19/2014 0:00,GBPUSD,1.5621,1.57208,1.55897,1.56801
11/20/2014 0:00,GBPUSD,1.56802,1.57367,1.56315,1.56924
11/21/2014 0:00,GBPUSD,1.56917,1.57132,1.56254,1.56553
11/24/2014 0:00,GBPUSD,1.56361,1.57143,1.56279,1.57036
11/25/2014 0:00,GBPUSD,1.57067,1.57351,1.56483,1.57061
11/26/2014 0:00,GBPUSD,1.57078,1.58052,1.56787,1.57896
11/27/2014 0:00,GBPUSD,1.57885,1.58255,1.57162,1.57347
11/28/2014 0:00,GBPUSD,1.57348,1.57388,1.56137,1.56389
12/1/2014 0:00,GBPUSD,1.56405,1.57634,1.55846,1.57291
12/2/2014 0:00,GBPUSD,1.57292,1.57422,1.56314,1.56369
12/3/2014 0:00,GBPUSD,1.56347,1.57192,1.5619,1.56824
12/4/2014 0:00,GBPUSD,1.56859,1.57254,1.56428,1.56723
12/5/2014 0:00,GBPUSD,1.5672,1.56949,1.55685,1.55763
12/8/2014 0:00,GBPUSD,1.55576,1.56787,1.55411,1.56507
12/9/2014 0:00,GBPUSD,1.5645,1.57167,1.56255,1.56624
12/10/2014 0:00,GBPUSD,1.56658,1.57189,1.5647,1.57102
12/11/2014 0:00,GBPUSD,1.57152,1.57566,1.5652,1.57185
12/12/2014 0:00,GBPUSD,1.57318,1.57463,1.56942,1.57159
12/15/2014 0:00,GBPUSD,1.57144,1.57464,1.56011,1.56312
12/16/2014 0:00,GBPUSD,1.56356,1.57852,1.56079,1.57477
12/17/2014 0:00,GBPUSD,1.57465,1.5752,1.55408,1.55722
12/18/2014 0:00,GBPUSD,1.5561,1.56772,1.55488,1.56678
12/19/2014 0:00,GBPUSD,1.56674,1.5682,1.5605,1.56167
12/22/2014 0:00,GBPUSD,1.56251,1.56651,1.55726,1.55887
12/23/2014 0:00,GBPUSD,1.55887,1.56078,1.54854,1.552
12/24/2014 0:00,GBPUSD,1.552,1.55569,1.55037,1.555
12/26/2014 0:00,GBPUSD,1.55576,1.55664,1.55365,1.55499
12/29/2014 0:00,GBPUSD,1.55588,1.55853,1.55068,1.55142
12/30/2014 0:00,GBPUSD,1.5511,1.55733,1.55004,1.55586
12/31/2014 0:00,GBPUSD,1.55582,1.56202,1.5549,1.55896
1/2/2015 0:00,GBPUSD,1.5544,1.55467,1.53242,1.53244
1/5/2015 0:00,GBPUSD,1.52995,1.53184,1.51718,1.52483
1/6/2015 0:00,GBPUSD,1.52482,1.52729,1.51404,1.51485
1/7/2015 0:00,GBPUSD,1.51485,1.51546,1.50543,1.51084
1/8/2015 0:00,GBPUSD,1.51083,1.51166,1.50336,1.50882
1/9/2015 0:00,GBPUSD,1.50882,1.51738,1.50764,1.51571
1/12/2015 0:00,GBPUSD,1.51768,1.51929,1.50982,1.51694
1/13/2015 0:00,GBPUSD,1.51697,1.51908,1.50769,1.51582
1/14/2015 0:00,GBPUSD,1.51582,1.52678,1.51443,1.5232
1/15/2015 0:00,GBPUSD,1.52321,1.52665,1.51494,1.51805
1/16/2015 0:00,GBPUSD,1.51813,1.52336,1.50745,1.5145
1/19/2015 0:00,GBPUSD,1.51274,1.5178,1.51079,1.51098
1/20/2015 0:00,GBPUSD,1.51107,1.51985,1.50577,1.51417
1/21/2015 0:00,GBPUSD,1.51421,1.51779,1.50751,1.51399
1/22/2015 0:00,GBPUSD,1.51397,1.52114,1.49714,1.50076
1/23/2015 0:00,GBPUSD,1.50087,1.50346,1.49503,1.49876
1/26/2015 0:00,GBPUSD,1.50079,1.51026,1.49858,1.50758
1/27/2015 0:00,GBPUSD,1.50751,1.52227,1.5059,1.51958
1/28/2015 0:00,GBPUSD,1.51919,1.52185,1.51302,1.51364
1/29/2015 0:00,GBPUSD,1.51349,1.51616,1.50176,1.50642
1/30/2015 0:00,GBPUSD,1.50626,1.5095,1.49882,1.50619
2/2/2015 0:00,GBPUSD,1.50933,1.50982,1.50048,1.50373
2/3/2015 0:00,GBPUSD,1.5038,1.51969,1.49883,1.5165
2/4/2015 0:00,GBPUSD,1.5165,1.52499,1.51382,1.51801
2/5/2015 0:00,GBPUSD,1.51805,1.53427,1.51642,1.53264
2/6/2015 0:00,GBPUSD,1.53263,1.53516,1.52103,1.5225
2/9/2015 0:00,GBPUSD,1.52265,1.52662,1.52,1.52136
2/10/2015 0:00,GBPUSD,1.52134,1.52746,1.51959,1.5253
2/11/2015 0:00,GBPUSD,1.5253,1.52988,1.52184,1.52358
2/12/2015 0:00,GBPUSD,1.52351,1.54127,1.52088,1.53825
2/13/2015 0:00,GBPUSD,1.53824,1.54215,1.53705,1.53928
2/16/2015 0:00,GBPUSD,1.54178,1.54396,1.53385,1.53613
2/17/2015 0:00,GBPUSD,1.53607,1.54013,1.53156,1.53518
2/18/2015 0:00,GBPUSD,1.53517,1.54777,1.5341,1.54344
2/19/2015 0:00,GBPUSD,1.54345,1.54649,1.5404,1.54134
2/20/2015 0:00,GBPUSD,1.54124,1.54333,1.5343,1.53983
2/23/2015 0:00,GBPUSD,1.53953,1.54739,1.53321,1.54558
2/24/2015 0:00,GBPUSD,1.54554,1.54733,1.54038,1.54515
2/25/2015 0:00,GBPUSD,1.54527,1.5538,1.54465,1.55273
2/26/2015 0:00,GBPUSD,1.55279,1.55516,1.5394,1.54051
2/27/2015 0:00,GBPUSD,1.5405,1.5458,1.5384,1.54365
3/2/2015 0:00,GBPUSD,1.54151,1.54281,1.53513,1.53636
3/3/2015 0:00,GBPUSD,1.53648,1.5397,1.53442,1.53588
3/4/2015 0:00,GBPUSD,1.5359,1.53713,1.52515,1.52638
3/5/2015 0:00,GBPUSD,1.5264,1.5269,1.52149,1.52388
3/6/2015 0:00,GBPUSD,1.524,1.52554,1.50314,1.50333
3/9/2015 0:00,GBPUSD,1.50345,1.51366,1.50328,1.51272
3/10/2015 0:00,GBPUSD,1.5127,1.5128,1.50284,1.50534
3/11/2015 0:00,GBPUSD,1.50538,1.50959,1.48928,1.49281
3/12/2015 0:00,GBPUSD,1.49284,1.5026,1.48495,1.48845
3/13/2015 0:00,GBPUSD,1.48842,1.48962,1.46988,1.47397
3/16/2015 0:00,GBPUSD,1.47342,1.48529,1.47342,1.48253
3/17/2015 0:00,GBPUSD,1.48231,1.48447,1.47236,1.47428
3/18/2015 0:00,GBPUSD,1.47433,1.51648,1.46347,1.49574
3/19/2015 0:00,GBPUSD,1.4956,1.50094,1.46876,1.47543
3/20/2015 0:00,GBPUSD,1.47541,1.4988,1.47215,1.4945
3/23/2015 0:00,GBPUSD,1.49723,1.49729,1.48377,1.49535
3/24/2015 0:00,GBPUSD,1.49534,1.49835,1.48411,1.48428
3/25/2015 0:00,GBPUSD,1.48438,1.49533,1.48303,1.48844
3/26/2015 0:00,GBPUSD,1.48841,1.49933,1.48062,1.48499
3/27/2015 0:00,GBPUSD,1.48501,1.4921,1.47959,1.487
3/30/2015 0:00,GBPUSD,1.48826,1.49003,1.47527,1.48092
3/31/2015 0:00,GBPUSD,1.48082,1.4871,1.47545,1.48164
4/1/2015 0:00,GBPUSD,1.48174,1.48707,1.4739,1.48224
4/2/2015 0:00,GBPUSD,1.48227,1.48678,1.47756,1.48268
4/3/2015 0:00,GBPUSD,1.48267,1.49445,1.48095,1.49179
4/6/2015 0:00,GBPUSD,1.49179,1.49806,1.48696,1.48785
4/7/2015 0:00,GBPUSD,1.4877,1.49197,1.48021,1.48069
4/8/2015 0:00,GBPUSD,1.48068,1.49727,1.48066,1.48662
4/9/2015 0:00,GBPUSD,1.48651,1.48855,1.46847,1.47111
4/10/2015 0:00,GBPUSD,1.47113,1.47241,1.45865,1.4631
4/13/2015 0:00,GBPUSD,1.4631,1.46809,1.4565,1.46745
4/14/2015 0:00,GBPUSD,1.46748,1.48011,1.46029,1.47798
4/15/2015 0:00,GBPUSD,1.47795,1.48533,1.47004,1.48412
4/16/2015 0:00,GBPUSD,1.48412,1.4969,1.48114,1.4932
4/17/2015 0:00,GBPUSD,1.4932,1.50527,1.49154,1.49595
4/20/2015 0:00,GBPUSD,1.49595,1.49831,1.48873,1.49075
4/21/2015 0:00,GBPUSD,1.49075,1.49724,1.48557,1.49251
4/22/2015 0:00,GBPUSD,1.49251,1.50792,1.49127,1.50399
4/23/2015 0:00,GBPUSD,1.50399,1.50696,1.49593,1.50584
4/24/2015 0:00,GBPUSD,1.50584,1.51868,1.50268,1.51855
4/27/2015 0:00,GBPUSD,1.51747,1.52614,1.51065,1.52341
4/28/2015 0:00,GBPUSD,1.52296,1.53424,1.51719,1.53395
4/29/2015 0:00,GBPUSD,1.53384,1.54977,1.53274,1.54377
4/30/2015 0:00,GBPUSD,1.5437,1.54918,1.53033,1.53524
5/1/2015 0:00,GBPUSD,1.53489,1.53965,1.51141,1.51473
5/4/2015 0:00,GBPUSD,1.51432,1.51742,1.50897,1.51203
5/5/2015 0:00,GBPUSD,1.51202,1.52172,1.50899,1.51807
5/6/2015 0:00,GBPUSD,1.5179,1.52898,1.51508,1.52415
5/7/2015 0:00,GBPUSD,1.5241,1.52743,1.51647,1.52436
5/8/2015 0:00,GBPUSD,1.5247,1.55207,1.5245,1.54426
5/11/2015 0:00,GBPUSD,1.54484,1.5612,1.53925,1.55847
5/12/2015 0:00,GBPUSD,1.55843,1.57096,1.55565,1.56681
5/13/2015 0:00,GBPUSD,1.5668,1.57683,1.56333,1.57436
5/14/2015 0:00,GBPUSD,1.5744,1.58139,1.57283,1.57747
5/15/2015 0:00,GBPUSD,1.57752,1.58076,1.57005,1.57271
5/18/2015 0:00,GBPUSD,1.57384,1.57446,1.56372,1.56515
5/19/2015 0:00,GBPUSD,1.56519,1.56689,1.54451,1.55099
5/20/2015 0:00,GBPUSD,1.55116,1.5587,1.54718,1.55342
5/21/2015 0:00,GBPUSD,1.55339,1.56991,1.55241,1.566
5/22/2015 0:00,GBPUSD,1.566,1.56888,1.54595,1.54957
5/25/2015 0:00,GBPUSD,1.54759,1.55069,1.54555,1.54675
5/26/2015 0:00,GBPUSD,1.54683,1.54747,1.53532,1.53819
5/27/2015 0:00,GBPUSD,1.53819,1.54364,1.53006,1.53499
5/28/2015 0:00,GBPUSD,1.53529,1.53847,1.52596,1.53119
5/29/2015 0:00,GBPUSD,1.53128,1.53413,1.52356,1.52842
6/1/2015 0:00,GBPUSD,1.52923,1.53038,1.51695,1.51989
6/2/2015 0:00,GBPUSD,1.51949,1.53666,1.51785,1.53424
6/3/2015 0:00,GBPUSD,1.53415,1.53743,1.52515,1.53383
6/4/2015 0:00,GBPUSD,1.53382,1.54405,1.53039,1.53608
6/5/2015 0:00,GBPUSD,1.53592,1.53688,1.51897,1.52711
6/8/2015 0:00,GBPUSD,1.52691,1.53632,1.52207,1.53471
6/9/2015 0:00,GBPUSD,1.53473,1.53884,1.52567,1.53837
6/10/2015 0:00,GBPUSD,1.53847,1.55529,1.53682,1.55285
6/11/2015 0:00,GBPUSD,1.55281,1.5533,1.54201,1.55157
6/12/2015 0:00,GBPUSD,1.55157,1.55975,1.54663,1.55571
6/15/2015 0:00,GBPUSD,1.55485,1.56133,1.5487,1.55995
6/16/2015 0:00,GBPUSD,1.56008,1.56536,1.55409,1.56461
6/17/2015 0:00,GBPUSD,1.56459,1.58464,1.56252,1.58303
6/18/2015 0:00,GBPUSD,1.58299,1.59292,1.58055,1.58769
6/19/2015 0:00,GBPUSD,1.58782,1.58959,1.58346,1.5876
6/22/2015 0:00,GBPUSD,1.58714,1.59093,1.58047,1.58225
6/23/2015 0:00,GBPUSD,1.58225,1.58309,1.57084,1.57286
6/24/2015 0:00,GBPUSD,1.57282,1.58021,1.56667,1.57031
6/25/2015 0:00,GBPUSD,1.5704,1.57698,1.56762,1.57455
6/26/2015 0:00,GBPUSD,1.57468,1.57663,1.57081,1.57455
6/29/2015 0:00,GBPUSD,1.5696,1.57878,1.56613,1.57352
6/30/2015 0:00,GBPUSD,1.5736,1.57755,1.56924,1.57065
7/1/2015 0:00,GBPUSD,1.57036,1.57322,1.5588,1.56146
7/2/2015 0:00,GBPUSD,1.56144,1.56394,1.55618,1.56068
7/3/2015 0:00,GBPUSD,1.56057,1.56433,1.55556,1.55773
7/6/2015 0:00,GBPUSD,1.55417,1.56278,1.55314,1.56016
7/7/2015 0:00,GBPUSD,1.56012,1.5609,1.54132,1.54609
7/8/2015 0:00,GBPUSD,1.54612,1.54666,1.53297,1.53606
7/9/2015 0:00,GBPUSD,1.53602,1.54199,1.53429,1.5379
7/10/2015 0:00,GBPUSD,1.5379,1.55501,1.53633,1.55129
7/13/2015 0:00,GBPUSD,1.55028,1.55884,1.54806,1.54842
7/14/2015 0:00,GBPUSD,1.54844,1.56384,1.54502,1.56348
7/15/2015 0:00,GBPUSD,1.56348,1.56744,1.55761,1.56365
7/16/2015 0:00,GBPUSD,1.56363,1.565,1.55596,1.56066
7/17/2015 0:00,GBPUSD,1.56056,1.56723,1.55527,1.56054
7/20/2015 0:00,GBPUSD,1.56002,1.56269,1.5538,1.55595
7/21/2015 0:00,GBPUSD,1.55589,1.559,1.55283,1.55528
7/22/2015 0:00,GBPUSD,1.55515,1.56459,1.55441,1.56107
7/23/2015 0:00,GBPUSD,1.5608,1.56701,1.55006,1.55129
7/24/2015 0:00,GBPUSD,1.55147,1.55256,1.54663,1.55127
7/27/2015 0:00,GBPUSD,1.5509,1.55948,1.54902,1.55568
7/28/2015 0:00,GBPUSD,1.55571,1.56272,1.55277,1.56105
7/29/2015 0:00,GBPUSD,1.56113,1.56891,1.55872,1.56042
7/30/2015 0:00,GBPUSD,1.55995,1.56429,1.55622,1.55994
7/31/2015 0:00,GBPUSD,1.55966,1.56778,1.55486,1.56201
8/3/2015 0:00,GBPUSD,1.56289,1.56443,1.55649,1.55846
8/4/2015 0:00,GBPUSD,1.55825,1.56333,1.55572,1.55603
8/5/2015 0:00,GBPUSD,1.55589,1.56507,1.55253,1.55976
8/6/2015 0:00,GBPUSD,1.55972,1.56363,1.54666,1.55099
8/7/2015 0:00,GBPUSD,1.55071,1.5545,1.54243,1.54958
8/10/2015 0:00,GBPUSD,1.54841,1.56053,1.54579,1.55842
8/11/2015 0:00,GBPUSD,1.55896,1.56162,1.55548,1.55654
8/12/2015 0:00,GBPUSD,1.55704,1.56594,1.55336,1.56058
8/13/2015 0:00,GBPUSD,1.56088,1.56363,1.55726,1.56058
8/14/2015 0:00,GBPUSD,1.56051,1.56592,1.55881,1.56407
8/17/2015 0:00,GBPUSD,1.56507,1.56875,1.55783,1.5581
8/18/2015 0:00,GBPUSD,1.55802,1.57166,1.55617,1.56548
8/19/2015 0:00,GBPUSD,1.56581,1.57,1.5635,1.5675
8/20/2015 0:00,GBPUSD,1.56747,1.57011,1.56057,1.56833
8/21/2015 0:00,GBPUSD,1.56847,1.57228,1.56574,1.56853
8/24/2015 0:00,GBPUSD,1.56764,1.58028,1.56299,1.57697
8/25/2015 0:00,GBPUSD,1.57731,1.58186,1.56808,1.56808
8/26/2015 0:00,GBPUSD,1.56853,1.57195,1.5452,1.54578
8/27/2015 0:00,GBPUSD,1.54575,1.55083,1.53696,1.53979
8/28/2015 0:00,GBPUSD,1.53988,1.54425,1.53348,1.53897
8/31/2015 0:00,GBPUSD,1.54104,1.54363,1.5339,1.53415
9/1/2015 0:00,GBPUSD,1.53384,1.54074,1.52994,1.53018
9/2/2015 0:00,GBPUSD,1.53015,1.53253,1.52637,1.52964
9/3/2015 0:00,GBPUSD,1.52949,1.53129,1.52187,1.52543
9/4/2015 0:00,GBPUSD,1.52525,1.52733,1.51643,1.51675
9/7/2015 0:00,GBPUSD,1.51752,1.52878,1.51707,1.52739
9/8/2015 0:00,GBPUSD,1.52719,1.54121,1.52692,1.53926
9/9/2015 0:00,GBPUSD,1.53874,1.5404,1.53493,1.53641
9/10/2015 0:00,GBPUSD,1.53644,1.54756,1.53383,1.5441
9/11/2015 0:00,GBPUSD,1.54393,1.54612,1.53995,1.5427
9/14/2015 0:00,GBPUSD,1.54263,1.54706,1.53723,1.54231
9/15/2015 0:00,GBPUSD,1.54219,1.54566,1.53293,1.53412
9/16/2015 0:00,GBPUSD,1.53419,1.55281,1.53296,1.54903
9/17/2015 0:00,GBPUSD,1.54879,1.56275,1.54856,1.55878
9/18/2015 0:00,GBPUSD,1.55875,1.56579,1.55139,1.55243
9/21/2015 0:00,GBPUSD,1.5523,1.55674,1.54803,1.55055
9/22/2015 0:00,GBPUSD,1.55043,1.55279,1.53399,1.53612
9/23/2015 0:00,GBPUSD,1.53633,1.53664,1.52201,1.52413
9/24/2015 0:00,GBPUSD,1.52418,1.52885,1.52002,1.52403
9/25/2015 0:00,GBPUSD,1.52373,1.526,1.51349,1.51773
9/28/2015 0:00,GBPUSD,1.51909,1.52406,1.51568,1.51716
9/29/2015 0:00,GBPUSD,1.51716,1.52045,1.51285,1.51483
9/30/2015 0:00,GBPUSD,1.51475,1.52132,1.51068,1.5126
10/1/2015 0:00,GBPUSD,1.5126,1.51796,1.51064,1.51282
10/2/2015 0:00,GBPUSD,1.51269,1.5237,1.51269,1.51768
10/5/2015 0:00,GBPUSD,1.51871,1.5244,1.51361,1.51431
10/6/2015 0:00,GBPUSD,1.51428,1.52429,1.51394,1.5223
10/7/2015 0:00,GBPUSD,1.52241,1.53391,1.5218,1.53148
10/8/2015 0:00,GBPUSD,1.53146,1.53717,1.52608,1.5345
10/9/2015 0:00,GBPUSD,1.5346,1.53828,1.52996,1.53238
10/12/2015 0:00,GBPUSD,1.53039,1.53728,1.53039,1.53465
10/13/2015 0:00,GBPUSD,1.53457,1.53872,1.51998,1.52462
10/14/2015 0:00,GBPUSD,1.52449,1.54939,1.52449,1.54762
10/15/2015 0:00,GBPUSD,1.54721,1.55081,1.54143,1.54511
10/16/2015 0:00,GBPUSD,1.5446,1.5486,1.54299,1.54357
10/19/2015 0:00,GBPUSD,1.54304,1.54966,1.54271,1.54646
10/20/2015 0:00,GBPUSD,1.5462,1.55058,1.54348,1.54409
10/21/2015 0:00,GBPUSD,1.54407,1.54769,1.54119,1.54183
10/22/2015 0:00,GBPUSD,1.54152,1.55088,1.53452,1.53931
10/23/2015 0:00,GBPUSD,1.5391,1.54185,1.53056,1.5312
10/26/2015 0:00,GBPUSD,1.53078,1.53814,1.53056,1.53488
10/27/2015 0:00,GBPUSD,1.53488,1.53583,1.52822,1.53041
10/28/2015 0:00,GBPUSD,1.53041,1.53467,1.52483,1.52666
10/29/2015 0:00,GBPUSD,1.52667,1.5321,1.52418,1.53113
10/30/2015 0:00,GBPUSD,1.53116,1.54673,1.53085,1.54275
11/2/2015 0:00,GBPUSD,1.54449,1.54971,1.54037,1.54153
11/3/2015 0:00,GBPUSD,1.54147,1.54447,1.53589,1.54215
11/4/2015 0:00,GBPUSD,1.54188,1.54446,1.53603,1.53831
11/5/2015 0:00,GBPUSD,1.53863,1.54011,1.52048,1.52059
11/6/2015 0:00,GBPUSD,1.52045,1.52189,1.50268,1.5043
11/9/2015 0:00,GBPUSD,1.50396,1.51278,1.50381,1.51123
11/10/2015 0:00,GBPUSD,1.51121,1.51449,1.50909,1.51179
11/11/2015 0:00,GBPUSD,1.51112,1.52204,1.51112,1.52115
11/12/2015 0:00,GBPUSD,1.52076,1.5246,1.51735,1.52317
11/13/2015 0:00,GBPUSD,1.52283,1.52648,1.5187,1.52299
11/16/2015 0:00,GBPUSD,1.52242,1.52308,1.51809,1.51998
11/17/2015 0:00,GBPUSD,1.52005,1.52381,1.5154,1.5212
11/18/2015 0:00,GBPUSD,1.52125,1.52481,1.51873,1.52311
11/19/2015 0:00,GBPUSD,1.5236,1.53351,1.52271,1.52914
11/20/2015 0:00,GBPUSD,1.5291,1.53093,1.51822,1.51892
11/23/2015 0:00,GBPUSD,1.51694,1.51957,1.51086,1.51228
11/24/2015 0:00,GBPUSD,1.5122,1.51551,1.5053,1.50786
11/25/2015 0:00,GBPUSD,1.508,1.51356,1.50556,1.51286
11/26/2015 0:00,GBPUSD,1.51186,1.51299,1.50654,1.51013
11/27/2015 0:00,GBPUSD,1.50992,1.51092,1.50294,1.50331
11/30/2015 0:00,GBPUSD,1.50317,1.5068,1.49932,1.50556
12/1/2015 0:00,GBPUSD,1.50534,1.51251,1.50501,1.50794
12/2/2015 0:00,GBPUSD,1.50803,1.50813,1.48945,1.49495
12/3/2015 0:00,GBPUSD,1.49416,1.51586,1.4904,1.51434
12/4/2015 0:00,GBPUSD,1.51407,1.51563,1.50773,1.51049
12/7/2015 0:00,GBPUSD,1.51065,1.51141,1.50441,1.50526
12/8/2015 0:00,GBPUSD,1.50534,1.50609,1.49562,1.50071
12/9/2015 0:00,GBPUSD,1.5005,1.51913,1.5004,1.51806
12/10/2015 0:00,GBPUSD,1.51752,1.52015,1.51105,1.51572
12/11/2015 0:00,GBPUSD,1.51583,1.52391,1.51249,1.52226
12/14/2015 0:00,GBPUSD,1.52245,1.523,1.5107,1.51394
12/15/2015 0:00,GBPUSD,1.51405,1.51845,1.50288,1.5035
12/16/2015 0:00,GBPUSD,1.5035,1.50984,1.49588,1.49998
12/17/2015 0:00,GBPUSD,1.49964,1.50084,1.48645,1.48975
12/18/2015 0:00,GBPUSD,1.48933,1.49495,1.48851,1.48867
12/21/2015 0:00,GBPUSD,1.48905,1.49289,1.4877,1.48815
12/22/2015 0:00,GBPUSD,1.48808,1.49074,1.4805,1.48256
12/23/2015 0:00,GBPUSD,1.48228,1.49,1.48181,1.48693
12/24/2015 0:00,GBPUSD,1.48679,1.49438,1.48441,1.49406
12/28/2015 0:00,GBPUSD,1.49008,1.49339,1.48735,1.48785
12/29/2015 0:00,GBPUSD,1.48726,1.49127,1.47851,1.48125
12/30/2015 0:00,GBPUSD,1.48138,1.48482,1.47922,1.4812
12/31/2015 0:00,GBPUSD,1.48118,1.48438,1.47323,1.47367
1/4/2016 0:00,GBPUSD,1.47306,1.48152,1.46626,1.47167
1/5/2016 0:00,GBPUSD,1.47119,1.4725,1.46374,1.4672
1/6/2016 0:00,GBPUSD,1.46713,1.46816,1.46016,1.46295
1/7/2016 0:00,GBPUSD,1.46263,1.46398,1.45327,1.4615
1/8/2016 0:00,GBPUSD,1.46135,1.46444,1.45056,1.45156
1/11/2016 0:00,GBPUSD,1.45144,1.4604,1.44909,1.45395
1/12/2016 0:00,GBPUSD,1.45393,1.45599,1.43516,1.44456
1/13/2016 0:00,GBPUSD,1.44456,1.44755,1.43796,1.44051
1/14/2016 0:00,GBPUSD,1.44044,1.44447,1.43596,1.4409
1/15/2016 0:00,GBPUSD,1.44102,1.44272,1.42511,1.42543
1/18/2016 0:00,GBPUSD,1.42472,1.43227,1.42365,1.42414
1/19/2016 0:00,GBPUSD,1.42416,1.43396,1.41287,1.41557
1/20/2016 0:00,GBPUSD,1.4152,1.42186,1.41248,1.41897
1/21/2016 0:00,GBPUSD,1.41868,1.42485,1.4079,1.42198
1/22/2016 0:00,GBPUSD,1.42173,1.4362,1.42041,1.42645
1/25/2016 0:00,GBPUSD,1.42604,1.43092,1.42232,1.42467
1/26/2016 0:00,GBPUSD,1.42467,1.43666,1.41727,1.43487
1/27/2016 0:00,GBPUSD,1.43477,1.43547,1.42295,1.42327
1/28/2016 0:00,GBPUSD,1.42318,1.44069,1.42315,1.43581
1/29/2016 0:00,GBPUSD,1.43577,1.44128,1.4149,1.42422
2/1/2016 0:00,GBPUSD,1.42384,1.44444,1.42276,1.44308
2/2/2016 0:00,GBPUSD,1.44307,1.44453,1.43256,1.44069
2/3/2016 0:00,GBPUSD,1.44064,1.46486,1.43832,1.46017
2/4/2016 0:00,GBPUSD,1.45936,1.46679,1.45292,1.45866
2/5/2016 0:00,GBPUSD,1.45877,1.45905,1.44515,1.45001
2/8/2016 0:00,GBPUSD,1.44787,1.45463,1.43507,1.4429
2/9/2016 0:00,GBPUSD,1.4429,1.45149,1.43777,1.4471
2/10/2016 0:00,GBPUSD,1.44683,1.45778,1.44397,1.45187
2/11/2016 0:00,GBPUSD,1.45207,1.45632,1.43823,1.44751
2/12/2016 0:00,GBPUSD,1.44728,1.45696,1.44425,1.44921
2/15/2016 0:00,GBPUSD,1.44888,1.45349,1.44126,1.44297
2/16/2016 0:00,GBPUSD,1.44276,1.45154,1.42753,1.43018
2/17/2016 0:00,GBPUSD,1.42975,1.43386,1.42348,1.42891
2/18/2016 0:00,GBPUSD,1.42862,1.43939,1.42561,1.43322
2/19/2016 0:00,GBPUSD,1.43349,1.44075,1.42464,1.44026
2/22/2016 0:00,GBPUSD,1.42607,1.43059,1.40569,1.41489
2/23/2016 0:00,GBPUSD,1.41473,1.41557,1.40071,1.40191
2/24/2016 0:00,GBPUSD,1.40172,1.40269,1.38779,1.39231
2/25/2016 0:00,GBPUSD,1.39239,1.39959,1.38994,1.39595
2/26/2016 0:00,GBPUSD,1.39613,1.40421,1.38534,1.38594
2/29/2016 0:00,GBPUSD,1.38557,1.39458,1.38351,1.39122
3/1/2016 0:00,GBPUSD,1.39123,1.40184,1.39037,1.39507
3/2/2016 0:00,GBPUSD,1.39523,1.40927,1.39141,1.40785
3/3/2016 0:00,GBPUSD,1.40753,1.41935,1.40322,1.41732
3/4/2016 0:00,GBPUSD,1.41735,1.42479,1.41075,1.42293
3/7/2016 0:00,GBPUSD,1.42148,1.42833,1.41336,1.4262
3/8/2016 0:00,GBPUSD,1.42607,1.42748,1.41728,1.42143
3/9/2016 0:00,GBPUSD,1.42116,1.42404,1.41769,1.42134
3/10/2016 0:00,GBPUSD,1.42151,1.43166,1.41173,1.42803
3/11/2016 0:00,GBPUSD,1.42818,1.44361,1.42536,1.43791
3/14/2016 0:00,GBPUSD,1.4373,1.43887,1.42923,1.42985
3/15/2016 0:00,GBPUSD,1.42997,1.43045,1.41363,1.41512
3/16/2016 0:00,GBPUSD,1.41512,1.42737,1.40526,1.42498
3/17/2016 0:00,GBPUSD,1.42497,1.45028,1.42209,1.44731
3/18/2016 0:00,GBPUSD,1.44751,1.45139,1.44097,1.44697
3/21/2016 0:00,GBPUSD,1.44595,1.44673,1.4365,1.43681
3/22/2016 0:00,GBPUSD,1.43686,1.43969,1.41898,1.42126
3/23/2016 0:00,GBPUSD,1.42131,1.4227,1.40817,1.41171
3/24/2016 0:00,GBPUSD,1.41169,1.41822,1.40567,1.41521
3/25/2016 0:00,GBPUSD,1.41521,1.41569,1.41087,1.41238
3/28/2016 0:00,GBPUSD,1.413,1.42828,1.41197,1.42509
3/29/2016 0:00,GBPUSD,1.42517,1.44035,1.41941,1.43826
3/30/2016 0:00,GBPUSD,1.43768,1.44586,1.43602,1.43776
3/31/2016 0:00,GBPUSD,1.43739,1.44256,1.43254,1.43613
4/1/2016 0:00,GBPUSD,1.43584,1.43708,1.41703,1.42255
4/4/2016 0:00,GBPUSD,1.42182,1.43211,1.41904,1.42619
4/5/2016 0:00,GBPUSD,1.42564,1.42783,1.41211,1.41579
4/6/2016 0:00,GBPUSD,1.41567,1.41707,1.40047,1.41193
4/7/2016 0:00,GBPUSD,1.41191,1.41564,1.40484,1.40538
4/8/2016 0:00,GBPUSD,1.40541,1.41404,1.404,1.41139
4/11/2016 0:00,GBPUSD,1.41137,1.4286,1.41048,1.42379
4/12/2016 0:00,GBPUSD,1.42341,1.43477,1.41958,1.42721
4/13/2016 0:00,GBPUSD,1.42722,1.42786,1.41924,1.42011
4/14/2016 0:00,GBPUSD,1.42011,1.4207,1.40899,1.41499
4/15/2016 0:00,GBPUSD,1.41487,1.42415,1.41323,1.41981
4/18/2016 0:00,GBPUSD,1.4189,1.42902,1.41306,1.42746
4/19/2016 0:00,GBPUSD,1.42739,1.44186,1.42702,1.43961
4/20/2016 0:00,GBPUSD,1.43882,1.44102,1.43295,1.43308
4/21/2016 0:00,GBPUSD,1.43252,1.44395,1.42989,1.43214
4/22/2016 0:00,GBPUSD,1.43202,1.44512,1.4314,1.43955
4/25/2016 0:00,GBPUSD,1.44579,1.45189,1.44023,1.44788
4/26/2016 0:00,GBPUSD,1.4478,1.46382,1.4478,1.45785
4/27/2016 0:00,GBPUSD,1.45783,1.46212,1.44731,1.4539
4/28/2016 0:00,GBPUSD,1.45393,1.46225,1.45225,1.46059
4/29/2016 0:00,GBPUSD,1.46059,1.46706,1.4576,1.46102
5/2/2016 0:00,GBPUSD,1.45863,1.46957,1.45835,1.46718
5/3/2016 0:00,GBPUSD,1.46718,1.47691,1.45286,1.45342
5/4/2016 0:00,GBPUSD,1.4532,1.45711,1.4461,1.44919
5/5/2016 0:00,GBPUSD,1.44877,1.45287,1.44435,1.44842
5/6/2016 0:00,GBPUSD,1.44808,1.4546,1.44144,1.44247
5/9/2016 0:00,GBPUSD,1.44121,1.44795,1.43738,1.44072
5/10/2016 0:00,GBPUSD,1.44025,1.44775,1.43884,1.4442
5/11/2016 0:00,GBPUSD,1.44412,1.44875,1.43941,1.44446
5/12/2016 0:00,GBPUSD,1.44443,1.45304,1.44056,1.44496
5/13/2016 0:00,GBPUSD,1.44459,1.44544,1.43398,1.43584
5/16/2016 0:00,GBPUSD,1.43468,1.44142,1.43318,1.44009
5/17/2016 0:00,GBPUSD,1.43978,1.45235,1.43964,1.44596
5/18/2016 0:00,GBPUSD,1.44546,1.4634,1.44029,1.45973
5/19/2016 0:00,GBPUSD,1.45948,1.46631,1.45614,1.46093
5/20/2016 0:00,GBPUSD,1.46078,1.46125,1.44854,1.45037
5/23/2016 0:00,GBPUSD,1.44975,1.45484,1.44417,1.44818
5/24/2016 0:00,GBPUSD,1.44785,1.46414,1.44734,1.46316
5/25/2016 0:00,GBPUSD,1.46325,1.47285,1.46002,1.46971
5/26/2016 0:00,GBPUSD,1.46937,1.47391,1.46395,1.46688
5/27/2016 0:00,GBPUSD,1.46675,1.46882,1.46043,1.46182
5/30/2016 0:00,GBPUSD,1.4606,1.46411,1.45869,1.46384
5/31/2016 0:00,GBPUSD,1.46397,1.47241,1.44644,1.44792
6/1/2016 0:00,GBPUSD,1.44756,1.45072,1.43855,1.44133
6/2/2016 0:00,GBPUSD,1.44139,1.44723,1.44057,1.44219
6/3/2016 0:00,GBPUSD,1.44182,1.45813,1.43984,1.4514
6/6/2016 0:00,GBPUSD,1.4467,1.44815,1.43515,1.44379
6/7/2016 0:00,GBPUSD,1.44396,1.46593,1.44336,1.45425
6/8/2016 0:00,GBPUSD,1.45368,1.45999,1.44999,1.45032
6/9/2016 0:00,GBPUSD,1.45026,1.45265,1.44463,1.44531
6/10/2016 0:00,GBPUSD,1.44506,1.44719,1.41793,1.42512
6/13/2016 0:00,GBPUSD,1.42556,1.43276,1.41145,1.42672
6/14/2016 0:00,GBPUSD,1.4257,1.42618,1.40902,1.41087
6/15/2016 0:00,GBPUSD,1.41061,1.42172,1.40894,1.42044
6/16/2016 0:00,GBPUSD,1.42038,1.42532,1.40122,1.42004
6/17/2016 0:00,GBPUSD,1.4201,1.43872,1.41965,1.43558
6/20/2016 0:00,GBPUSD,1.44657,1.47192,1.44336,1.46833
6/21/2016 0:00,GBPUSD,1.46833,1.47828,1.46158,1.46533
6/22/2016 0:00,GBPUSD,1.46474,1.47733,1.46408,1.47006
6/23/2016 0:00,GBPUSD,1.47054,1.4946,1.46975,1.48705
6/24/2016 0:00,GBPUSD,1.4866,1.50171,1.3229,1.36303
6/27/2016 0:00,GBPUSD,1.34226,1.34834,1.31197,1.3225
6/28/2016 0:00,GBPUSD,1.32244,1.34181,1.32013,1.33397
6/29/2016 0:00,GBPUSD,1.33394,1.35329,1.32861,1.34294
6/30/2016 0:00,GBPUSD,1.33855,1.34961,1.32051,1.33091
7/1/2016 0:00,GBPUSD,1.33017,1.33489,1.32435,1.326
7/4/2016 0:00,GBPUSD,1.32403,1.33402,1.32348,1.32854
7/5/2016 0:00,GBPUSD,1.3281,1.32892,1.29992,1.302
7/6/2016 0:00,GBPUSD,1.30192,1.30266,1.2795,1.29293
7/7/2016 0:00,GBPUSD,1.29206,1.30466,1.28748,1.2904
7/8/2016 0:00,GBPUSD,1.29023,1.30177,1.28796,1.29444
7/11/2016 0:00,GBPUSD,1.29448,1.30175,1.28499,1.29969
7/12/2016 0:00,GBPUSD,1.29824,1.32946,1.29715,1.32445
7/13/2016 0:00,GBPUSD,1.3244,1.33363,1.31329,1.31464
7/14/2016 0:00,GBPUSD,1.31422,1.3476,1.31044,1.33406
7/15/2016 0:00,GBPUSD,1.33384,1.34801,1.31312,1.31857
7/18/2016 0:00,GBPUSD,1.31857,1.33144,1.31823,1.32538
7/19/2016 0:00,GBPUSD,1.32512,1.32741,1.30732,1.31069
7/20/2016 0:00,GBPUSD,1.31093,1.32264,1.30641,1.32012
7/21/2016 0:00,GBPUSD,1.31987,1.32744,1.31547,1.32308
7/22/2016 0:00,GBPUSD,1.32175,1.32904,1.30784,1.31086
7/25/2016 0:00,GBPUSD,1.31413,1.31641,1.30944,1.31388
7/26/2016 0:00,GBPUSD,1.31344,1.31749,1.30564,1.31289
7/27/2016 0:00,GBPUSD,1.31188,1.32342,1.30709,1.32239
7/28/2016 0:00,GBPUSD,1.32192,1.32473,1.31165,1.31626
7/29/2016 0:00,GBPUSD,1.3159,1.33011,1.31476,1.32224
8/1/2016 0:00,GBPUSD,1.3219,1.32716,1.31619,1.31754
8/2/2016 0:00,GBPUSD,1.3173,1.3365,1.31711,1.33534
8/3/2016 0:00,GBPUSD,1.33476,1.33712,1.32799,1.33229
8/4/2016 0:00,GBPUSD,1.33237,1.33457,1.3102,1.31054
8/5/2016 0:00,GBPUSD,1.30967,1.31744,1.30206,1.30646
8/8/2016 0:00,GBPUSD,1.30711,1.3096,1.3027,1.30413
8/9/2016 0:00,GBPUSD,1.30382,1.30472,1.2955,1.30009
8/10/2016 0:00,GBPUSD,1.3001,1.30932,1.29904,1.30054
8/11/2016 0:00,GBPUSD,1.30054,1.30272,1.29353,1.29544
8/12/2016 0:00,GBPUSD,1.29512,1.30342,1.29023,1.29167
8/15/2016 0:00,GBPUSD,1.29195,1.29443,1.2865,1.28803
8/16/2016 0:00,GBPUSD,1.28759,1.30506,1.28743,1.30441
8/17/2016 0:00,GBPUSD,1.30408,1.30853,1.29749,1.30394
8/18/2016 0:00,GBPUSD,1.30378,1.3172,1.3031,1.3166
8/19/2016 0:00,GBPUSD,1.31662,1.31843,1.30222,1.30723
8/22/2016 0:00,GBPUSD,1.30478,1.31566,1.30338,1.31356
8/23/2016 0:00,GBPUSD,1.31341,1.32099,1.31279,1.31962
8/24/2016 0:00,GBPUSD,1.31909,1.32724,1.31606,1.32304
8/25/2016 0:00,GBPUSD,1.32303,1.32631,1.31683,1.31892
8/26/2016 0:00,GBPUSD,1.31874,1.32786,1.31214,1.3127
8/29/2016 0:00,GBPUSD,1.31183,1.31384,1.3059,1.31029
8/30/2016 0:00,GBPUSD,1.3101,1.31193,1.30586,1.30793
8/31/2016 0:00,GBPUSD,1.30725,1.31574,1.30655,1.31369
9/1/2016 0:00,GBPUSD,1.31398,1.33173,1.31273,1.32665
9/2/2016 0:00,GBPUSD,1.32583,1.33518,1.32461,1.32895
9/5/2016 0:00,GBPUSD,1.32921,1.3375,1.32874,1.33005
9/6/2016 0:00,GBPUSD,1.32939,1.34445,1.32939,1.34408
9/7/2016 0:00,GBPUSD,1.34295,1.3438,1.33185,1.33385
9/8/2016 0:00,GBPUSD,1.33311,1.33748,1.32829,1.32919
9/9/2016 0:00,GBPUSD,1.32902,1.33355,1.32386,1.32637
9/12/2016 0:00,GBPUSD,1.3261,1.33465,1.32343,1.33349
9/13/2016 0:00,GBPUSD,1.33317,1.33404,1.31668,1.31904
9/14/2016 0:00,GBPUSD,1.3169,1.32397,1.31377,1.32329
9/15/2016 0:00,GBPUSD,1.32249,1.32787,1.31788,1.32382
9/16/2016 0:00,GBPUSD,1.32352,1.32469,1.29955,1.29955
9/19/2016 0:00,GBPUSD,1.29988,1.30906,1.29911,1.30273
9/20/2016 0:00,GBPUSD,1.30248,1.30642,1.29465,1.29865
9/21/2016 0:00,GBPUSD,1.2987,1.30463,1.29441,1.30315
9/22/2016 0:00,GBPUSD,1.30252,1.31204,1.30249,1.30738
9/23/2016 0:00,GBPUSD,1.30736,1.30868,1.29145,1.29594
9/26/2016 0:00,GBPUSD,1.29637,1.29859,1.29156,1.29727
9/27/2016 0:00,GBPUSD,1.29736,1.30261,1.29361,1.30201
9/28/2016 0:00,GBPUSD,1.30216,1.30311,1.29791,1.30148
9/29/2016 0:00,GBPUSD,1.30154,1.30574,1.29536,1.29664
9/30/2016 0:00,GBPUSD,1.2964,1.30222,1.29359,1.29735
10/3/2016 0:00,GBPUSD,1.29171,1.29459,1.28168,1.28386
10/4/2016 0:00,GBPUSD,1.2838,1.28596,1.27186,1.27271
10/5/2016 0:00,GBPUSD,1.27227,1.27708,1.26848,1.2746
10/6/2016 0:00,GBPUSD,1.27458,1.27593,1.26013,1.26143
10/7/2016 0:00,GBPUSD,1.26133,1.26216,1.14754,1.24235
10/10/2016 0:00,GBPUSD,1.23946,1.24434,1.2344,1.23609
10/11/2016 0:00,GBPUSD,1.23611,1.23725,1.20892,1.21244
10/12/2016 0:00,GBPUSD,1.21215,1.23243,1.21044,1.22037
10/13/2016 0:00,GBPUSD,1.22037,1.22717,1.21321,1.22504
10/14/2016 0:00,GBPUSD,1.22519,1.22608,1.21674,1.2168
10/17/2016 0:00,GBPUSD,1.21559,1.2201,1.2135,1.21814
10/18/2016 0:00,GBPUSD,1.21782,1.23244,1.21756,1.22961
10/19/2016 0:00,GBPUSD,1.2293,1.23318,1.22533,1.22862
10/20/2016 0:00,GBPUSD,1.2286,1.22976,1.22093,1.22511
10/21/2016 0:00,GBPUSD,1.22502,1.22599,1.21706,1.2227
10/24/2016 0:00,GBPUSD,1.22197,1.22487,1.21851,1.22355
10/25/2016 0:00,GBPUSD,1.22365,1.22429,1.20817,1.2189
10/26/2016 0:00,GBPUSD,1.21822,1.22487,1.2156,1.22456
10/27/2016 0:00,GBPUSD,1.22432,1.22708,1.21485,1.21589
10/28/2016 0:00,GBPUSD,1.21567,1.22121,1.21133,1.21686
10/31/2016 0:00,GBPUSD,1.21868,1.22487,1.21431,1.22381
11/1/2016 0:00,GBPUSD,1.22383,1.22803,1.22052,1.22427
11/2/2016 0:00,GBPUSD,1.22425,1.23532,1.22197,1.23012
11/3/2016 0:00,GBPUSD,1.23003,1.24939,1.22964,1.24637
11/4/2016 0:00,GBPUSD,1.24632,1.25568,1.24485,1.2509
11/7/2016 0:00,GBPUSD,1.24558,1.24967,1.23785,1.23964
11/8/2016 0:00,GBPUSD,1.23902,1.24392,1.23604,1.23829
11/9/2016 0:00,GBPUSD,1.23799,1.25466,1.23525,1.24042
11/10/2016 0:00,GBPUSD,1.24056,1.25839,1.23768,1.25507
11/11/2016 0:00,GBPUSD,1.25444,1.2673,1.25249,1.25773
11/14/2016 0:00,GBPUSD,1.25603,1.25898,1.24435,1.24851
11/15/2016 0:00,GBPUSD,1.2487,1.25286,1.23793,1.24539
11/16/2016 0:00,GBPUSD,1.24538,1.25018,1.24093,1.24395
11/17/2016 0:00,GBPUSD,1.2445,1.25044,1.24077,1.24163
11/18/2016 0:00,GBPUSD,1.2416,1.24358,1.23015,1.23337
11/21/2016 0:00,GBPUSD,1.23419,1.25112,1.23118,1.24876
11/22/2016 0:00,GBPUSD,1.24882,1.2512,1.2384,1.24219
11/23/2016 0:00,GBPUSD,1.24136,1.24681,1.23598,1.24336
11/24/2016 0:00,GBPUSD,1.24288,1.24941,1.24014,1.24464
11/25/2016 0:00,GBPUSD,1.24454,1.2481,1.24151,1.24673
11/28/2016 0:00,GBPUSD,1.24555,1.25309,1.23851,1.24147
11/29/2016 0:00,GBPUSD,1.24026,1.25251,1.23875,1.24888
11/30/2016 0:00,GBPUSD,1.24863,1.25228,1.24187,1.25041
12/1/2016 0:00,GBPUSD,1.25031,1.26954,1.25005,1.25874
12/2/2016 0:00,GBPUSD,1.25899,1.27362,1.25695,1.27203
12/5/2016 0:00,GBPUSD,1.26776,1.2744,1.26243,1.27273
12/6/2016 0:00,GBPUSD,1.27274,1.27742,1.26557,1.26751
12/7/2016 0:00,GBPUSD,1.2669,1.2682,1.25694,1.26247
12/8/2016 0:00,GBPUSD,1.26217,1.27041,1.25478,1.25817
12/9/2016 0:00,GBPUSD,1.25745,1.26202,1.25518,1.25656
12/12/2016 0:00,GBPUSD,1.25783,1.26994,1.25661,1.26732
12/13/2016 0:00,GBPUSD,1.26761,1.27275,1.26529,1.26553
12/14/2016 0:00,GBPUSD,1.2657,1.27221,1.25294,1.25636
12/15/2016 0:00,GBPUSD,1.25552,1.25673,1.23758,1.24167
12/16/2016 0:00,GBPUSD,1.24122,1.25093,1.23822,1.24847
12/19/2016 0:00,GBPUSD,1.24754,1.25014,1.23544,1.23937
12/20/2016 0:00,GBPUSD,1.23982,1.24141,1.23122,1.23665
12/21/2016 0:00,GBPUSD,1.23591,1.23902,1.23232,1.23503
12/22/2016 0:00,GBPUSD,1.23493,1.23777,1.22763,1.22811
12/23/2016 0:00,GBPUSD,1.22808,1.22982,1.22282,1.22501
12/26/2016 0:00,GBPUSD,1.22818,1.22963,1.19594,1.22783
12/27/2016 0:00,GBPUSD,1.22747,1.22861,1.22401,1.22681
12/28/2016 0:00,GBPUSD,1.22609,1.22964,1.22,1.22232
12/29/2016 0:00,GBPUSD,1.22197,1.2274,1.22077,1.2259
12/30/2016 0:00,GBPUSD,1.22569,1.23877,1.22448,1.23199
1/2/2017 0:00,GBPUSD,1.2326,1.23539,1.22627,1.22736
1/3/2017 0:00,GBPUSD,1.22672,1.23064,1.21988,1.22352
1/4/2017 0:00,GBPUSD,1.22295,1.23524,1.22204,1.23212
1/5/2017 0:00,GBPUSD,1.2318,1.24318,1.22695,1.2414
1/6/2017 0:00,GBPUSD,1.24084,1.24301,1.22606,1.22799
1/9/2017 0:00,GBPUSD,1.22484,1.22702,1.21237,1.2157
1/10/2017 0:00,GBPUSD,1.2157,1.21898,1.21067,1.21756
1/11/2017 0:00,GBPUSD,1.21729,1.22715,1.20374,1.22116
1/12/2017 0:00,GBPUSD,1.22022,1.2316,1.21517,1.21597
1/13/2017 0:00,GBPUSD,1.21536,1.22324,1.21203,1.21713
1/16/2017 0:00,GBPUSD,1.19905,1.2085,1.19864,1.20416
1/17/2017 0:00,GBPUSD,1.20415,1.24151,1.20164,1.24125
1/18/2017 0:00,GBPUSD,1.24086,1.24128,1.22534,1.22574
1/19/2017 0:00,GBPUSD,1.22573,1.23431,1.22491,1.23403
1/20/2017 0:00,GBPUSD,1.2338,1.23801,1.22601,1.23701
1/23/2017 0:00,GBPUSD,1.23717,1.25373,1.23684,1.25331
1/24/2017 0:00,GBPUSD,1.25331,1.25444,1.24179,1.25188
1/25/2017 0:00,GBPUSD,1.25188,1.26382,1.24906,1.26291
1/26/2017 0:00,GBPUSD,1.2633,1.26731,1.2556,1.25889
1/27/2017 0:00,GBPUSD,1.25902,1.2605,1.2516,1.25448
1/30/2017 0:00,GBPUSD,1.25768,1.26,1.24653,1.24838
1/31/2017 0:00,GBPUSD,1.24781,1.2596,1.24118,1.25753
2/1/2017 0:00,GBPUSD,1.25778,1.2679,1.25422,1.26543
2/2/2017 0:00,GBPUSD,1.26543,1.27057,1.25176,1.25243
2/3/2017 0:00,GBPUSD,1.25206,1.25376,1.24586,1.24774
2/6/2017 0:00,GBPUSD,1.24838,1.24982,1.24269,1.24625
2/7/2017 0:00,GBPUSD,1.24673,1.2546,1.23463,1.2506
2/8/2017 0:00,GBPUSD,1.25059,1.2549,1.24743,1.25392
2/9/2017 0:00,GBPUSD,1.25392,1.25817,1.24907,1.24936
2/10/2017 0:00,GBPUSD,1.24928,1.25206,1.24393,1.24773
2/13/2017 0:00,GBPUSD,1.24655,1.25391,1.24596,1.25234
2/14/2017 0:00,GBPUSD,1.2521,1.25477,1.24431,1.24655
2/15/2017 0:00,GBPUSD,1.2465,1.24803,1.23825,1.24573
2/16/2017 0:00,GBPUSD,1.24573,1.25232,1.24532,1.24876
2/17/2017 0:00,GBPUSD,1.24812,1.25105,1.23874,1.24017
2/20/2017 0:00,GBPUSD,1.24014,1.24822,1.24014,1.24568
2/21/2017 0:00,GBPUSD,1.24567,1.24803,1.24009,1.24717
2/22/2017 0:00,GBPUSD,1.24699,1.25076,1.24169,1.2449
2/23/2017 0:00,GBPUSD,1.24421,1.25612,1.2427,1.25539
2/24/2017 0:00,GBPUSD,1.25512,1.25692,1.24466,1.24493
2/27/2017 0:00,GBPUSD,1.24672,1.24784,1.23834,1.24419
2/28/2017 0:00,GBPUSD,1.24408,1.24703,1.23742,1.23805
3/1/2017 0:00,GBPUSD,1.23745,1.24041,1.22793,1.22928
3/2/2017 0:00,GBPUSD,1.2286,1.23071,1.22421,1.22697
3/3/2017 0:00,GBPUSD,1.22654,1.23001,1.22137,1.22857
3/6/2017 0:00,GBPUSD,1.22787,1.23001,1.22237,1.22343
3/7/2017 0:00,GBPUSD,1.22343,1.22523,1.21687,1.21975
3/8/2017 0:00,GBPUSD,1.21962,1.22134,1.21386,1.21649
3/9/2017 0:00,GBPUSD,1.21645,1.2195,1.21333,1.21637
3/10/2017 0:00,GBPUSD,1.2164,1.21881,1.21345,1.21527
3/13/2017 0:00,GBPUSD,1.2169,1.22505,1.21559,1.22173
3/14/2017 0:00,GBPUSD,1.22179,1.22207,1.21087,1.21537
3/15/2017 0:00,GBPUSD,1.2154,1.23087,1.21465,1.22858
3/16/2017 0:00,GBPUSD,1.22862,1.23764,1.22407,1.23584
3/17/2017 0:00,GBPUSD,1.23581,1.24044,1.23235,1.23893
3/20/2017 0:00,GBPUSD,1.23882,1.24353,1.23345,1.23569
3/21/2017 0:00,GBPUSD,1.23567,1.2494,1.234,1.24696
3/22/2017 0:00,GBPUSD,1.2474,1.25056,1.24224,1.24774
3/23/2017 0:00,GBPUSD,1.24775,1.25307,1.24625,1.25162
3/24/2017 0:00,GBPUSD,1.25162,1.25198,1.24595,1.24595
3/27/2017 0:00,GBPUSD,1.24895,1.26148,1.24867,1.2556
3/28/2017 0:00,GBPUSD,1.25527,1.2596,1.24406,1.24544
3/29/2017 0:00,GBPUSD,1.24425,1.2476,1.23761,1.2432
3/30/2017 0:00,GBPUSD,1.24297,1.2524,1.24023,1.24673
3/31/2017 0:00,GBPUSD,1.24667,1.25574,1.24328,1.25342
4/3/2017 0:00,GBPUSD,1.2542,1.25554,1.24651,1.24837
4/4/2017 0:00,GBPUSD,1.24796,1.2495,1.24184,1.24381
4/5/2017 0:00,GBPUSD,1.24368,1.24978,1.24224,1.24815
4/6/2017 0:00,GBPUSD,1.24808,1.25053,1.24496,1.24678
4/7/2017 0:00,GBPUSD,1.24677,1.24772,1.23581,1.23597
4/10/2017 0:00,GBPUSD,1.23776,1.24287,1.23654,1.24112
4/11/2017 0:00,GBPUSD,1.24082,1.24944,1.24029,1.24894
4/12/2017 0:00,GBPUSD,1.24877,1.25478,1.24794,1.25358
4/13/2017 0:00,GBPUSD,1.25331,1.25737,1.24995,1.25014
4/14/2017 0:00,GBPUSD,1.25075,1.25343,1.24971,1.25162
4/17/2017 0:00,GBPUSD,1.25285,1.25957,1.25228,1.25618
4/18/2017 0:00,GBPUSD,1.25619,1.29048,1.25147,1.28395
4/19/2017 0:00,GBPUSD,1.28374,1.28598,1.27694,1.27765
4/20/2017 0:00,GBPUSD,1.27765,1.28465,1.27711,1.28115
4/21/2017 0:00,GBPUSD,1.28114,1.28341,1.27556,1.27992
4/24/2017 0:00,GBPUSD,1.28216,1.28364,1.27715,1.2794
4/25/2017 0:00,GBPUSD,1.27937,1.28453,1.27745,1.28401
4/26/2017 0:00,GBPUSD,1.28401,1.28632,1.28044,1.2847
4/27/2017 0:00,GBPUSD,1.28452,1.29171,1.28383,1.29026
4/28/2017 0:00,GBPUSD,1.29018,1.29647,1.28881,1.29246
5/1/2017 0:00,GBPUSD,1.29321,1.29423,1.28818,1.28852
5/2/2017 0:00,GBPUSD,1.28839,1.29391,1.28636,1.29387
5/3/2017 0:00,GBPUSD,1.29343,1.29471,1.28652,1.28655
5/4/2017 0:00,GBPUSD,1.28646,1.29324,1.28302,1.29199
5/5/2017 0:00,GBPUSD,1.29195,1.29835,1.28996,1.29748
5/8/2017 0:00,GBPUSD,1.29825,1.29879,1.29293,1.2936
5/9/2017 0:00,GBPUSD,1.29361,1.29602,1.29022,1.29313
5/10/2017 0:00,GBPUSD,1.29303,1.29874,1.29261,1.29372
5/11/2017 0:00,GBPUSD,1.29372,1.29483,1.28488,1.28864
5/12/2017 0:00,GBPUSD,1.28846,1.28996,1.2844,1.28779
5/15/2017 0:00,GBPUSD,1.28818,1.29404,1.28808,1.28921
5/16/2017 0:00,GBPUSD,1.28917,1.29568,1.28648,1.29152
5/17/2017 0:00,GBPUSD,1.29152,1.299,1.29055,1.29687
5/18/2017 0:00,GBPUSD,1.29686,1.3047,1.28877,1.29345
5/19/2017 0:00,GBPUSD,1.2933,1.30395,1.29141,1.30215
5/22/2017 0:00,GBPUSD,1.29932,1.30423,1.29649,1.29995
5/23/2017 0:00,GBPUSD,1.29985,1.30332,1.29523,1.296
5/24/2017 0:00,GBPUSD,1.296,1.29985,1.29264,1.29722
5/25/2017 0:00,GBPUSD,1.29723,1.30144,1.29311,1.29402
5/26/2017 0:00,GBPUSD,1.29398,1.29466,1.27746,1.27878
5/29/2017 0:00,GBPUSD,1.27931,1.28498,1.27931,1.28374
5/30/2017 0:00,GBPUSD,1.28372,1.28878,1.27934,1.28566
5/31/2017 0:00,GBPUSD,1.28566,1.29204,1.27684,1.28878
6/1/2017 0:00,GBPUSD,1.28878,1.29152,1.28294,1.28789
6/2/2017 0:00,GBPUSD,1.28789,1.29031,1.28453,1.28813
6/5/2017 0:00,GBPUSD,1.28551,1.29405,1.28551,1.2903
6/6/2017 0:00,GBPUSD,1.29019,1.29491,1.28714,1.29115
6/7/2017 0:00,GBPUSD,1.29054,1.29674,1.2887,1.29601
6/8/2017 0:00,GBPUSD,1.29601,1.2977,1.29075,1.29495
6/9/2017 0:00,GBPUSD,1.2766,1.28272,1.26348,1.2713
6/12/2017 0:00,GBPUSD,1.27091,1.2769,1.2638,1.26575
6/13/2017 0:00,GBPUSD,1.26533,1.27563,1.26413,1.27519
6/14/2017 0:00,GBPUSD,1.27473,1.28173,1.27229,1.27501
6/15/2017 0:00,GBPUSD,1.27525,1.2795,1.26899,1.27545
6/16/2017 0:00,GBPUSD,1.27496,1.28052,1.27493,1.27768
6/19/2017 0:00,GBPUSD,1.277,1.28141,1.2723,1.27364
6/20/2017 0:00,GBPUSD,1.27364,1.27577,1.26025,1.26255
6/21/2017 0:00,GBPUSD,1.26255,1.27095,1.25885,1.26712
6/22/2017 0:00,GBPUSD,1.26712,1.26909,1.26532,1.26811
6/23/2017 0:00,GBPUSD,1.26797,1.27438,1.26746,1.2716
6/26/2017 0:00,GBPUSD,1.27347,1.27592,1.27056,1.27217
6/27/2017 0:00,GBPUSD,1.27185,1.28604,1.27157,1.28114
6/28/2017 0:00,GBPUSD,1.28141,1.29721,1.27934,1.29248
6/29/2017 0:00,GBPUSD,1.29243,1.30148,1.29231,1.30026
6/30/2017 0:00,GBPUSD,1.30026,1.30293,1.29443,1.30222
7/3/2017 0:00,GBPUSD,1.30044,1.30239,1.29314,1.2938
7/4/2017 0:00,GBPUSD,1.29346,1.29582,1.29119,1.29185
7/5/2017 0:00,GBPUSD,1.2913,1.29475,1.28929,1.29324
7/6/2017 0:00,GBPUSD,1.29314,1.29836,1.29193,1.29705
7/7/2017 0:00,GBPUSD,1.29639,1.29743,1.28664,1.28895
7/10/2017 0:00,GBPUSD,1.28808,1.29076,1.28541,1.28784
7/11/2017 0:00,GBPUSD,1.28741,1.29268,1.28304,1.28469
7/12/2017 0:00,GBPUSD,1.28372,1.29071,1.28113,1.28835
7/13/2017 0:00,GBPUSD,1.28811,1.29548,1.28797,1.2941
7/14/2017 0:00,GBPUSD,1.29362,1.31131,1.29347,1.30959
7/17/2017 0:00,GBPUSD,1.3096,1.31121,1.3046,1.3057
7/18/2017 0:00,GBPUSD,1.30519,1.31251,1.30043,1.30397
7/19/2017 0:00,GBPUSD,1.30395,1.30523,1.30098,1.30218
7/20/2017 0:00,GBPUSD,1.30183,1.30325,1.29323,1.29716
7/21/2017 0:00,GBPUSD,1.29728,1.30192,1.29529,1.29931
7/24/2017 0:00,GBPUSD,1.29865,1.30575,1.29865,1.30285
7/25/2017 0:00,GBPUSD,1.30285,1.30833,1.3007,1.30258
7/26/2017 0:00,GBPUSD,1.30268,1.31201,1.29988,1.31049
7/27/2017 0:00,GBPUSD,1.31049,1.31581,1.30513,1.30624
7/28/2017 0:00,GBPUSD,1.30629,1.31517,1.30612,1.31335
7/31/2017 0:00,GBPUSD,1.31254,1.32114,1.30967,1.32103
8/1/2017 0:00,GBPUSD,1.321,1.32443,1.31901,1.32047
8/2/2017 0:00,GBPUSD,1.32055,1.32503,1.31905,1.32232
8/3/2017 0:00,GBPUSD,1.32212,1.32677,1.31117,1.31396
8/4/2017 0:00,GBPUSD,1.31358,1.31637,1.30233,1.30351
8/7/2017 0:00,GBPUSD,1.30343,1.30583,1.30133,1.30339
8/8/2017 0:00,GBPUSD,1.30327,1.30528,1.29519,1.29918
8/9/2017 0:00,GBPUSD,1.29883,1.3028,1.29677,1.30058
8/10/2017 0:00,GBPUSD,1.30061,1.30146,1.29508,1.29753
8/11/2017 0:00,GBPUSD,1.29759,1.30307,1.29389,1.30069
8/14/2017 0:00,GBPUSD,1.29906,1.30212,1.29559,1.29627
8/15/2017 0:00,GBPUSD,1.29627,1.29699,1.28456,1.28694
8/16/2017 0:00,GBPUSD,1.2867,1.29025,1.28409,1.28902
8/17/2017 0:00,GBPUSD,1.28904,1.29084,1.28519,1.28665
8/18/2017 0:00,GBPUSD,1.28675,1.29171,1.28311,1.28646
8/21/2017 0:00,GBPUSD,1.28542,1.29159,1.28497,1.28972
8/22/2017 0:00,GBPUSD,1.28982,1.29084,1.28103,1.28195
8/23/2017 0:00,GBPUSD,1.28213,1.28328,1.27792,1.28004
8/24/2017 0:00,GBPUSD,1.27962,1.28361,1.27736,1.27991
8/25/2017 0:00,GBPUSD,1.27988,1.28885,1.27935,1.28717
8/28/2017 0:00,GBPUSD,1.29189,1.2942,1.2873,1.29323
8/29/2017 0:00,GBPUSD,1.29302,1.29779,1.29143,1.29224
8/30/2017 0:00,GBPUSD,1.29172,1.29374,1.28779,1.29187
8/31/2017 0:00,GBPUSD,1.29207,1.29343,1.28517,1.29286
9/1/2017 0:00,GBPUSD,1.29222,1.29951,1.29048,1.29552
9/4/2017 0:00,GBPUSD,1.29506,1.29658,1.2912,1.29253
9/5/2017 0:00,GBPUSD,1.29253,1.30421,1.29082,1.30295
9/6/2017 0:00,GBPUSD,1.3028,1.30815,1.30178,1.30454
9/7/2017 0:00,GBPUSD,1.30454,1.3115,1.30321,1.30978
9/8/2017 0:00,GBPUSD,1.30978,1.32238,1.30935,1.32095
9/11/2017 0:00,GBPUSD,1.31857,1.32219,1.31604,1.31656
9/12/2017 0:00,GBPUSD,1.31621,1.32979,1.31589,1.32823
9/13/2017 0:00,GBPUSD,1.32823,1.33288,1.31833,1.32068
9/14/2017 0:00,GBPUSD,1.32068,1.34052,1.31487,1.33945
9/15/2017 0:00,GBPUSD,1.33945,1.36168,1.33808,1.35512
9/18/2017 0:00,GBPUSD,1.35577,1.36182,1.34646,1.34936
9/19/2017 0:00,GBPUSD,1.34936,1.35517,1.34682,1.34858
9/20/2017 0:00,GBPUSD,1.34858,1.36559,1.34517,1.34936
9/21/2017 0:00,GBPUSD,1.34936,1.35866,1.34705,1.35754
9/22/2017 0:00,GBPUSD,1.35754,1.35959,1.34499,1.34917
9/25/2017 0:00,GBPUSD,1.34857,1.35705,1.34306,1.34624
9/26/2017 0:00,GBPUSD,1.34624,1.3514,1.34092,1.34573
9/27/2017 0:00,GBPUSD,1.34574,1.34603,1.33634,1.33843
9/28/2017 0:00,GBPUSD,1.33843,1.34553,1.33425,1.34384
9/29/2017 0:00,GBPUSD,1.34382,1.34426,1.33496,1.33966
10/2/2017 0:00,GBPUSD,1.33693,1.34019,1.32561,1.32709
10/3/2017 0:00,GBPUSD,1.32709,1.32877,1.3222,1.32356
10/4/2017 0:00,GBPUSD,1.32356,1.32916,1.32333,1.32476
10/5/2017 0:00,GBPUSD,1.32476,1.32498,1.31076,1.31187
10/6/2017 0:00,GBPUSD,1.31187,1.31204,1.3027,1.30639
10/9/2017 0:00,GBPUSD,1.30865,1.31838,1.30747,1.31401
10/10/2017 0:00,GBPUSD,1.31401,1.32257,1.31307,1.32029
10/11/2017 0:00,GBPUSD,1.32029,1.32345,1.31752,1.32222
10/12/2017 0:00,GBPUSD,1.32223,1.32902,1.31211,1.32601
10/13/2017 0:00,GBPUSD,1.32601,1.33376,1.32477,1.32775
10/16/2017 0:00,GBPUSD,1.32874,1.33115,1.32252,1.32486
10/17/2017 0:00,GBPUSD,1.3249,1.32873,1.31544,1.31888
10/18/2017 0:00,GBPUSD,1.31888,1.32113,1.31397,1.32047
10/19/2017 0:00,GBPUSD,1.32047,1.32284,1.31301,1.31552
10/20/2017 0:00,GBPUSD,1.31552,1.32005,1.30876,1.31848
10/23/2017 0:00,GBPUSD,1.31853,1.32271,1.31574,1.31965
10/24/2017 0:00,GBPUSD,1.31963,1.32277,1.31131,1.31255
10/25/2017 0:00,GBPUSD,1.31255,1.32714,1.311,1.32541
10/26/2017 0:00,GBPUSD,1.32541,1.32792,1.31465,1.31591
10/27/2017 0:00,GBPUSD,1.31601,1.32626,1.30695,1.31281
10/30/2017 0:00,GBPUSD,1.31084,1.3215,1.31084,1.32074
10/31/2017 0:00,GBPUSD,1.32082,1.32884,1.31914,1.32823
11/1/2017 0:00,GBPUSD,1.32817,1.33206,1.32404,1.32425
11/2/2017 0:00,GBPUSD,1.32427,1.32988,1.30427,1.30571
11/3/2017 0:00,GBPUSD,1.30571,1.31312,1.30392,1.3074
11/6/2017 0:00,GBPUSD,1.30685,1.31746,1.30583,1.31693
11/7/2017 0:00,GBPUSD,1.31693,1.31776,1.3109,1.31636
11/8/2017 0:00,GBPUSD,1.31631,1.31757,1.30862,1.31109
11/9/2017 0:00,GBPUSD,1.31109,1.31653,1.30849,1.31438
11/10/2017 0:00,GBPUSD,1.31438,1.32292,1.31123,1.31891
11/13/2017 0:00,GBPUSD,1.31651,1.31789,1.30618,1.31143
11/14/2017 0:00,GBPUSD,1.31143,1.3187,1.30735,1.31647
11/15/2017 0:00,GBPUSD,1.31647,1.32133,1.31301,1.31684
11/16/2017 0:00,GBPUSD,1.31687,1.32075,1.3135,1.31932
11/17/2017 0:00,GBPUSD,1.31932,1.32602,1.31694,1.32132
11/20/2017 0:00,GBPUSD,1.32148,1.32792,1.31857,1.32331
11/21/2017 0:00,GBPUSD,1.32331,1.32672,1.32089,1.32368
11/22/2017 0:00,GBPUSD,1.32368,1.33291,1.32124,1.33217
11/23/2017 0:00,GBPUSD,1.33217,1.33367,1.32842,1.33017
11/24/2017 0:00,GBPUSD,1.33017,1.336,1.32782,1.33285
11/27/2017 0:00,GBPUSD,1.33208,1.3383,1.33098,1.33155
11/28/2017 0:00,GBPUSD,1.3315,1.33872,1.32208,1.33357
11/29/2017 0:00,GBPUSD,1.33357,1.34481,1.33216,1.34078
11/30/2017 0:00,GBPUSD,1.34078,1.35487,1.34056,1.35237
12/1/2017 0:00,GBPUSD,1.35237,1.35492,1.34442,1.34729
12/4/2017 0:00,GBPUSD,1.34319,1.35384,1.34121,1.34792
12/5/2017 0:00,GBPUSD,1.34792,1.3482,1.33703,1.34406
12/6/2017 0:00,GBPUSD,1.34406,1.34429,1.33576,1.33882
12/7/2017 0:00,GBPUSD,1.33882,1.34851,1.33199,1.34703
12/8/2017 0:00,GBPUSD,1.34703,1.35202,1.33556,1.33922
12/11/2017 0:00,GBPUSD,1.33801,1.3431,1.33303,1.33371
12/12/2017 0:00,GBPUSD,1.33371,1.33802,1.3302,1.3317
12/13/2017 0:00,GBPUSD,1.3317,1.34275,1.33114,1.34192
12/14/2017 0:00,GBPUSD,1.34192,1.3466,1.32851,1.34273
12/15/2017 0:00,GBPUSD,1.34263,1.34472,1.33012,1.33175
12/18/2017 0:00,GBPUSD,1.33074,1.34184,1.33074,1.33827
12/19/2017 0:00,GBPUSD,1.33827,1.34024,1.33306,1.33845
12/20/2017 0:00,GBPUSD,1.33845,1.34204,1.33718,1.33748
12/21/2017 0:00,GBPUSD,1.33736,1.33873,1.33316,1.33862
12/22/2017 0:00,GBPUSD,1.33862,1.33974,1.33463,1.33584
12/26/2017 0:00,GBPUSD,1.33722,1.33888,1.33473,1.3374
12/27/2017 0:00,GBPUSD,1.3374,1.34296,1.33673,1.33937
12/28/2017 0:00,GBPUSD,1.33937,1.34564,1.33932,1.34258
12/29/2017 0:00,GBPUSD,1.3426,1.35439,1.3426,1.35019
